# 
# Wavefront OBJ generated by 3DBrowser Pro
# 
# 3DBrowser for 3D Users copyright (C) 2021 by Mootools
# www: https://www.mootools.com/
# 

mtllib scene1.mtl

# Coordinates
v 0.573402 0.916396 0.039050
v 0.503755 0.916396 1.398142
v 0.573402 0.916396 1.398142
v 1.097619 0.916396 0.039050
v 1.027972 0.916396 1.398142
v 1.097619 0.916396 1.398142
v 1.290081 0.916396 1.398142
v 1.552190 0.916396 1.398142
v 1.621836 0.916396 0.039052
v 2.268869 0.916396 0.039050
v 2.268869 0.916396 0.451746
v 1.668557 -0.285879 0.390789
v 1.696806 -0.285879 0.390789
v 1.700344 -0.285879 0.444071
v 1.664292 -0.285879 0.444071
v 1.604931 -0.291837 0.193240
v 1.612229 -0.283207 0.175871
v 1.754967 -0.285879 0.175871
v 1.761547 -0.291837 0.193240
v 1.604931 -0.279005 0.193240
v 1.613599 -0.279005 0.193240
v 1.613599 -0.279005 0.390789
v 1.738056 -0.285879 0.193240
v 1.752889 -0.285879 0.193240
v 1.752889 -0.285879 0.390789
v 1.738056 -0.285879 0.377706
v 1.754967 -0.285879 0.136433
v 1.612229 -0.285879 0.136433
v 1.628405 -0.285879 0.377706
v 1.613599 -0.285879 0.390789
v 1.613599 -0.285879 0.193240
v 1.628405 -0.285879 0.193240
v 1.752889 -0.279005 0.390789
v 1.752889 -0.279005 0.193240
v 1.761547 -0.279005 0.193240
v 1.552190 -0.279005 0.451746
v 1.664292 -0.279005 0.444071
v 1.700344 -0.279005 0.444071
v 1.814298 -0.279005 0.451746
v 1.696806 -0.279005 0.390789
v 1.628405 -0.268214 0.377706
v 1.628405 -0.268214 0.193240
v 1.738056 -0.268214 0.193240
v 1.738056 -0.268214 0.377706
v 1.669805 -0.285879 0.377706
v 1.695886 -0.285879 0.377706
v 1.668557 -0.279005 0.390789
v 1.612229 -0.279005 0.136433
v 1.754967 -0.279005 0.136433
v 1.633289 -0.286569 0.211468
v 1.733199 -0.286569 0.211468
v 1.733199 -0.269991 0.211468
v 1.633289 -0.269991 0.211468
v 1.635130 -0.273381 0.193240
v 1.731359 -0.273381 0.193240
v 1.731359 -0.283179 0.193240
v 1.635130 -0.283179 0.193240
v 1.814299 -0.279005 0.136433
v 1.814299 -0.279005 0.039050
v 1.814299 -0.279005 0.117186
v 1.552190 -0.279005 0.117186
v 1.552190 -0.279005 0.039050
v 1.552190 -0.279005 0.136433
v 1.805943 -0.290087 0.117186
v 1.552190 -0.290087 0.117186
v 1.552190 -0.290087 0.136433
v 1.805943 -0.290087 0.136433
v 1.814299 -0.329724 1.398142
v 1.814299 -0.309093 1.351547
v 2.268869 -0.309094 1.351546
v 2.268869 -0.329724 1.398142
v 1.814299 -0.290087 1.351547
v 1.814299 -0.290087 1.291258
v 2.268869 -0.290087 1.291258
v 2.268869 -0.290087 1.351546
v 1.814299 -0.310274 1.291258
v 1.814299 -0.310274 1.280326
v 2.268869 -0.310274 1.280326
v 2.268869 -0.310274 1.291258
v 1.814299 -0.301110 1.258914
v 1.866147 -0.301110 1.258914
v 1.814298 -0.301110 0.911669
v 1.866596 -0.301110 0.911669
v 1.801818 -0.314081 0.946276
v 1.922803 -0.301110 1.258914
v 1.872799 -0.292689 1.248949
v 1.916171 -0.294641 1.248949
v 1.866147 -0.290087 1.258914
v 1.859409 -0.290087 1.248949
v 2.216766 -0.301110 1.258914
v 2.159922 -0.301110 1.258914
v 2.166581 -0.292518 1.248949
v 2.209271 -0.294641 1.248949
v 2.268869 -0.301110 1.258914
v 2.222765 -0.292691 1.248949
v 2.261309 -0.294641 1.248949
v 1.822391 -0.294641 1.248949
v 1.859409 -0.294641 1.248949
v 1.916171 -0.294641 0.974060
v 1.872799 -0.292517 0.974060
v 2.209271 -0.292518 0.974060
v 2.166581 -0.292539 0.974060
v 2.261309 -0.294641 0.974060
v 2.222765 -0.292514 0.974060
v 1.822391 -0.294641 0.974060
v 1.859409 -0.292519 0.974060
v 1.924735 -0.301110 0.965817
v 1.866364 -0.301110 0.965817
v 2.216408 -0.301110 0.965817
v 2.158292 -0.301110 0.965817
v 2.268869 -0.301110 0.965817
v 1.814299 -0.301110 0.965817
v 1.924735 -0.304340 0.946276
v 1.924735 -0.290087 0.911669
v 2.158291 -0.290087 0.911669
v 2.158292 -0.304340 0.946276
v 2.216320 -0.301110 0.911651
v 2.268869 -0.301110 0.911669
v 2.268869 -0.314081 0.946276
v 2.158292 -0.314081 0.946276
v 1.814299 -0.298011 1.351547
v 1.924735 -0.290087 0.965817
v 1.924735 -0.290087 0.946276
v 1.969691 -0.290087 0.982655
v 1.958252 -0.290087 1.003294
v 1.969691 -0.290087 1.003294
v 1.969691 -0.298640 1.003294
v 1.969691 -0.294467 1.205720
v 2.109797 -0.290087 1.205720
v 2.109797 -0.298640 1.205720
v 2.109797 -0.298640 1.003294
v 2.109797 -0.290087 1.003294
v 1.947453 -0.312752 1.245913
v 1.947453 -0.290087 1.245913
v 2.128753 -0.312752 1.245913
v 2.128753 -0.290087 1.245913
v 2.122772 -0.290087 1.003294
v 2.122772 -0.306130 1.003294
v 2.109797 -0.290087 0.982655
v 1.958252 -0.306130 1.003294
v 1.814299 -0.299192 1.291258
v 1.866364 -0.290087 0.965817
v 1.814299 -0.279005 0.946276
v 1.814299 -0.301110 0.946276
v 1.814299 -0.279005 0.965817
v 1.822391 -0.279005 0.974060
v 1.822391 -0.279005 1.248949
v 1.814299 -0.290028 1.258914
v 1.814299 -0.279005 1.258914
v 1.922803 -0.290087 1.258914
v 1.916171 -0.290087 1.248949
v 1.916171 -0.290087 0.974060
v 1.924735 -0.301110 0.946276
v 2.216766 -0.290087 1.258914
v 2.209271 -0.290087 1.248949
v 2.216408 -0.290087 0.965817
v 2.158292 -0.290087 0.946276
v 2.158292 -0.301110 0.946276
v 2.158292 -0.290087 0.965817
v 2.159922 -0.290087 1.258914
v 2.268869 -0.290087 1.258914
v 2.261309 -0.290087 1.248949
v 2.261309 -0.290087 0.974060
v 2.268869 -0.290087 0.965817
v 2.268869 -0.301110 0.946276
v 2.268869 -0.290087 0.911668
v 1.924735 -0.314081 0.946276
v 1.924735 -0.301110 0.911669
v 1.814298 -0.279005 0.911669
v 1.801818 -0.293257 0.946276
v 2.158291 -0.301110 0.911669
v 1.945343 -0.290087 0.481600
v 1.923674 -0.290087 0.481600
v 1.923674 -0.301110 0.481600
v 1.945343 -0.301110 0.481600
v 1.814298 -0.306694 0.481600
v 1.552190 -0.318642 1.398142
v 1.552190 -0.298011 1.351547
v 1.814299 -0.318642 1.398142
v 1.552190 -0.279005 1.351547
v 1.552190 -0.279005 1.291258
v 1.814299 -0.279005 1.291258
v 1.814299 -0.279005 1.351547
v 1.552190 -0.299192 1.291258
v 1.814299 -0.299192 1.280326
v 1.552190 -0.293257 0.946276
v 1.552190 -0.279005 0.911669
v 1.765304 -0.279005 1.003294
v 1.771285 -0.279005 1.245913
v 1.752329 -0.279005 1.205720
v 1.752329 -0.279005 1.003294
v 1.612224 -0.279005 1.003294
v 1.612224 -0.287558 1.003294
v 1.612224 -0.283733 1.205720
v 1.752329 -0.287558 1.205720
v 1.752329 -0.287558 1.003294
v 1.589985 -0.301670 1.245913
v 1.589985 -0.279005 1.245913
v 1.771285 -0.301670 1.245913
v 1.765304 -0.295047 1.003294
v 1.752329 -0.279005 0.982655
v 1.600785 -0.279005 1.003294
v 1.612224 -0.279005 0.982655
v 1.600785 -0.295047 1.003294
v 1.552190 -0.279005 0.946276
v 1.552190 -0.295611 0.481600
v 1.587875 -0.290028 0.481600
v 1.587875 -0.279005 0.481600
v 1.552190 -0.279005 0.481600
v 1.552190 -0.290028 1.258914
v 1.552190 -0.279005 1.258914
v 1.290081 -0.318642 1.398142
v 1.290081 -0.298011 1.351546
v 1.290081 -0.279005 1.351546
v 1.290081 -0.279005 1.291258
v 1.290081 -0.299192 1.291258
v 1.290081 -0.299192 1.280326
v 1.290081 -0.293257 0.946276
v 1.290081 -0.279005 0.911669
v 1.503195 -0.279005 1.003294
v 1.509177 -0.279005 1.245913
v 1.490221 -0.279005 1.205720
v 1.490221 -0.279005 1.003294
v 1.350115 -0.279005 1.003294
v 1.350115 -0.287558 1.003294
v 1.350115 -0.283733 1.205720
v 1.490221 -0.287558 1.205720
v 1.490221 -0.287558 1.003294
v 1.327877 -0.301670 1.245913
v 1.327877 -0.279005 1.245913
v 1.509177 -0.301670 1.245913
v 1.503195 -0.295047 1.003294
v 1.490221 -0.279005 0.982655
v 1.338676 -0.279005 1.003294
v 1.350115 -0.279005 0.982655
v 1.338676 -0.295047 1.003294
v 1.290081 -0.279005 0.946276
v 1.290081 -0.295612 0.481600
v 1.325766 -0.290028 0.481600
v 1.325766 -0.279005 0.481600
v 1.290081 -0.279005 0.481600
v 1.290081 -0.290028 1.258914
v 1.290081 -0.279005 1.258914
v 2.125953 -0.290087 0.117186
v 1.957214 -0.290087 0.117186
v 1.814299 -0.290087 0.039050
v 2.268869 -0.290087 0.117186
v 2.268869 -0.290087 0.039050
v 2.268869 -0.290087 0.451746
v 1.814298 -0.290087 0.451746
v 1.814299 -0.290087 0.136433
v 1.957214 -0.290087 0.136433
v 2.268869 -0.290087 0.136433
v 2.125953 -0.290087 0.136433
v 2.268869 -0.301202 0.136433
v 2.125953 -0.301202 0.136433
v 2.125953 -0.301202 0.117186
v 2.268869 -0.301202 0.117186
v 1.814299 -0.290087 0.117186
v 1.805943 -0.301202 0.117186
v 1.805943 -0.301202 0.136433
v 1.957214 -0.301202 0.136433
v 1.957214 -0.301202 0.117186
v 2.604270 0.100442 0.393659
v 2.604270 0.312190 0.393659
v 2.604270 0.312190 0.451746
v 2.268869 0.525867 0.393659
v 2.268869 0.525867 0.039050
v 2.268869 0.312190 0.451746
v 2.268869 0.100442 0.393659
v 2.577690 0.525867 0.393659
v 2.577690 0.525867 0.039050
v 2.268869 0.100442 0.039050
v 2.577690 0.100442 0.039050
v 2.577690 0.100442 0.393659
v 2.577690 0.312190 0.039050
v 2.577690 0.312190 0.393659
v 0.617710 -0.285879 0.444071
v 0.621247 -0.285879 0.390789
v 0.649496 -0.285879 0.390789
v 0.653762 -0.285879 0.444071
v 0.563087 -0.285879 0.175871
v 0.705824 -0.283207 0.175871
v 0.713123 -0.291837 0.193240
v 0.556506 -0.291836 0.193240
v 0.713123 -0.279005 0.193240
v 0.704454 -0.279005 0.390789
v 0.704454 -0.279005 0.193240
v 0.579998 -0.285879 0.193240
v 0.579998 -0.285879 0.377706
v 0.565165 -0.285879 0.390789
v 0.565165 -0.285879 0.193240
v 0.563087 -0.285879 0.136433
v 0.705824 -0.285879 0.136433
v 0.689648 -0.285879 0.377706
v 0.689648 -0.285879 0.193240
v 0.704454 -0.285879 0.193240
v 0.704454 -0.285879 0.390789
v 0.565165 -0.279005 0.390789
v 0.556506 -0.279005 0.193240
v 0.565165 -0.279005 0.193240
v 0.765864 -0.279005 0.451746
v 0.503755 -0.279005 0.451746
v 0.617710 -0.279005 0.444071
v 0.653762 -0.279005 0.444071
v 0.621247 -0.279005 0.390789
v 0.579998 -0.268214 0.193240
v 0.689648 -0.268214 0.193240
v 0.689648 -0.268214 0.377706
v 0.579998 -0.268214 0.377706
v 0.648248 -0.285879 0.377706
v 0.622168 -0.285879 0.377706
v 0.649496 -0.279005 0.390789
v 0.705824 -0.279005 0.136433
v 0.563087 -0.279005 0.136433
v 0.684764 -0.286569 0.211468
v 0.684764 -0.269991 0.211468
v 0.584854 -0.269991 0.211468
v 0.584854 -0.286569 0.211468
v 0.586695 -0.273381 0.193240
v 0.682924 -0.273381 0.193240
v 0.586695 -0.283179 0.193240
v 0.682924 -0.283179 0.193240
v 0.503755 -0.279005 0.136433
v 0.503755 -0.282189 0.039050
v 0.765864 -0.279005 0.039050
v 0.765864 -0.279005 0.117186
v 0.503755 -0.279005 0.117186
v 0.765864 -0.279005 0.136433
v 0.512504 -0.290087 0.136433
v 0.512504 -0.290087 0.117186
v 0.512504 -0.301202 0.117186
v 0.503755 -0.290087 0.117186
v 0.765864 -0.290087 0.117186
v 0.765864 -0.290087 0.136433
v 2.268869 -0.306694 0.481600
v 1.814298 -0.295612 0.481600
v 1.814298 -0.301110 0.481600
v 1.290081 -0.279005 0.451746
v 2.268869 -0.318642 1.398142
v 2.250538 0.194294 0.551990
v 2.250538 0.432016 0.551990
v 2.250538 0.432015 0.686432
v 2.250538 0.194294 0.686432
v 2.250538 0.203393 1.034564
v 2.250538 0.203393 0.911664
v 2.250538 0.422916 0.911664
v 2.250538 0.422916 1.034564
v 0.503755 -0.329724 1.398142
v 0.026252 -0.329724 1.398142
v 0.041840 -0.309093 1.351546
v 0.503755 -0.309094 1.351546
v 0.503755 -0.290087 1.351546
v 0.041840 -0.290087 1.351546
v 0.041840 -0.290087 1.291258
v 0.503755 -0.290087 1.291258
v 0.503755 -0.310274 1.291258
v 0.041840 -0.310274 1.291258
v 0.041840 -0.310274 1.280326
v 0.503755 -0.310274 1.280326
v 0.503755 -0.301110 1.258914
v 0.451906 -0.301110 1.258914
v 0.503755 -0.301110 0.911669
v 0.516236 -0.314081 0.946276
v 0.451457 -0.301110 0.911669
v 0.208257 -0.290087 0.982655
v 0.348362 -0.290087 0.982655
v 0.359801 -0.306130 1.003294
v 0.195282 -0.306130 1.003294
v 0.395251 -0.301110 1.258914
v 0.401882 -0.294641 1.248949
v 0.445255 -0.292886 1.248949
v 0.451906 -0.290087 1.258914
v 0.458645 -0.290087 1.248949
v 0.101288 -0.301110 1.258914
v 0.108783 -0.294641 1.248949
v 0.151472 -0.292689 1.248949
v 0.158132 -0.301110 1.258914
v 0.049185 -0.301110 1.258914
v 0.056745 -0.294641 1.248949
v 0.095288 -0.292889 1.248949
v 0.208257 -0.298640 1.205720
v 0.348362 -0.295225 1.205720
v 0.370601 -0.312752 1.245913
v 0.189301 -0.312752 1.245913
v 0.333571 -0.290087 1.003294
v 0.333571 -0.290087 1.182714
v 0.223455 -0.290087 1.182714
v 0.223455 -0.290087 1.003294
v 0.458645 -0.294641 1.248949
v 0.495663 -0.294641 1.248949
v 0.401882 -0.294641 0.974060
v 0.445255 -0.292341 0.974060
v 0.108783 -0.292724 0.974060
v 0.151472 -0.292539 0.974060
v 0.056745 -0.294641 0.974060
v 0.095288 -0.292339 0.974060
v 0.458645 -0.292725 0.974060
v 0.495663 -0.294641 0.974060
v 0.393318 -0.301110 0.965817
v 0.451690 -0.301110 0.965817
v 0.101646 -0.301110 0.965817
v 0.159762 -0.301110 0.965817
v 0.049185 -0.301110 0.965817
v 0.503755 -0.301110 0.965817
v 0.394379 -0.301110 0.481600
v 0.503755 -0.301110 0.481600
v 0.451719 -0.301110 0.503277
v 0.394379 -0.301110 0.503240
v 0.393318 -0.304340 0.946276
v 0.159762 -0.304340 0.946276
v 0.159762 -0.290087 0.911669
v 0.393318 -0.290087 0.911669
v 0.049185 -0.314081 0.946276
v 0.049185 -0.301110 0.911669
v 0.101733 -0.301110 0.911650
v 0.159762 -0.314081 0.946276
v 0.056418 -0.292519 0.900329
v 0.095288 -0.292683 0.900329
v 0.458645 -0.292343 0.900329
v 0.496399 -0.294641 0.900329
v 0.393318 -0.301110 0.911669
v 0.401882 -0.292353 0.900329
v 0.445255 -0.294641 0.900329
v 0.159762 -0.301110 0.911669
v 0.108835 -0.292344 0.900310
v 0.151472 -0.292162 0.900329
v 0.095288 -0.292345 0.511017
v 0.056418 -0.292975 0.511017
v 0.049185 -0.301110 0.503240
v 0.101961 -0.301110 0.503240
v 0.445255 -0.292089 0.511017
v 0.401882 -0.292928 0.511017
v 0.151472 -0.292715 0.511017
v 0.108835 -0.294641 0.510999
v 0.157402 -0.301110 0.503240
v 0.458645 -0.294641 0.511017
v 0.496399 -0.294641 0.511017
v 0.372711 -0.301110 0.481600
v 0.372711 -0.301110 0.503471
v 0.174382 -0.301110 0.503471
v 0.174382 -0.301110 0.481600
v 0.503755 -0.298011 1.351546
v 0.365599 -0.294641 0.547957
v 0.182486 -0.294641 0.547957
v 0.182486 -0.292946 0.512122
v 0.365599 -0.292534 0.512122
v 0.176068 -0.290087 0.572584
v 0.168485 -0.290087 0.572584
v 0.168485 -0.306326 0.572584
v 0.378352 -0.306326 0.572584
v 0.370601 -0.290087 1.245913
v 0.348362 -0.290087 1.003294
v 0.359801 -0.290087 1.003294
v 0.458645 -0.290087 0.511017
v 0.451719 -0.290087 0.503277
v 0.503755 -0.301110 0.503240
v 0.348362 -0.298640 1.003294
v 0.208257 -0.290087 1.205720
v 0.208257 -0.290087 1.003294
v 0.208257 -0.298640 1.003294
v 0.223455 -0.298640 1.182714
v 0.223455 -0.298640 1.003294
v 0.333571 -0.298640 1.182714
v 0.333571 -0.298640 1.003294
v 0.189301 -0.290087 1.245913
v 0.195282 -0.290087 1.003294
v 0.503755 -0.299192 1.291258
v 0.451690 -0.290087 0.965817
v 0.503755 -0.279005 0.946276
v 0.503755 -0.279005 0.965817
v 0.503755 -0.301110 0.946276
v 0.495663 -0.279005 0.974060
v 0.495663 -0.279005 1.248949
v 0.503755 -0.279005 1.258914
v 0.503755 -0.290028 1.258914
v 0.395251 -0.290087 1.258914
v 0.401882 -0.290087 1.248949
v 0.401882 -0.290087 0.974060
v 0.393318 -0.290087 0.965817
v 0.393318 -0.290087 0.946276
v 0.393318 -0.301110 0.946276
v 0.101288 -0.290087 1.258914
v 0.108783 -0.290087 1.248949
v 0.101646 -0.290087 0.965817
v 0.159762 -0.290087 0.946276
v 0.159762 -0.290087 0.965817
v 0.159762 -0.301110 0.946276
v 0.158132 -0.290087 1.258914
v 0.049185 -0.290087 1.258914
v 0.056745 -0.290087 1.248949
v 0.056745 -0.290087 0.974060
v 0.049185 -0.290087 0.965817
v 0.049185 -0.290087 0.911669
v 0.049185 -0.301110 0.946276
v 0.393318 -0.314081 0.946276
v 0.503755 -0.279005 0.911669
v 0.516236 -0.293257 0.946276
v 0.157402 -0.290087 0.481600
v 0.157402 -0.290087 0.503240
v 0.157402 -0.301110 0.481600
v 0.049185 -0.290087 0.503240
v 0.049185 -0.290087 0.451746
v 0.049185 -0.301110 0.481600
v 0.503755 -0.279005 0.481600
v 0.503755 -0.279005 0.503240
v 0.503755 -0.295612 0.481600
v 0.496399 -0.279005 0.511017
v 0.496399 -0.279005 0.900329
v 0.451457 -0.290087 0.911669
v 0.445255 -0.290087 0.900329
v 0.394379 -0.290087 0.503240
v 0.394379 -0.290087 0.481600
v 0.372711 -0.290087 0.481600
v 0.372711 -0.290087 0.503471
v 0.365599 -0.290087 0.547957
v 0.378352 -0.290087 0.572584
v 0.182486 -0.290087 0.547957
v 0.174382 -0.290087 0.503471
v 0.174382 -0.290087 0.481600
v 0.176068 -0.301110 0.572584
v 0.176068 -0.301110 0.579396
v 0.369946 -0.290087 0.572584
v 0.369946 -0.301110 0.579396
v 0.369946 -0.301110 0.572584
v 0.366218 -0.292626 0.586194
v 0.366218 -0.290087 0.837653
v 0.366218 -0.294641 0.837653
v 0.383282 -0.290087 0.862851
v 0.273175 -0.290087 0.908581
v 0.273175 -0.301110 0.908581
v 0.383282 -0.301110 0.862851
v 0.167986 -0.290087 0.862851
v 0.167986 -0.301110 0.862851
v 0.181201 -0.290087 0.837653
v 0.181201 -0.292843 0.586194
v 0.181201 -0.294641 0.837653
v 0.503755 -0.306694 0.481600
v 0.049185 -0.306694 0.481600
v 0.503755 -0.290087 0.451746
v 0.108835 -0.290087 0.510999
v 0.101961 -0.290087 0.503240
v 0.101699 -0.290087 0.911632
v 0.765864 -0.318642 1.398142
v 0.503755 -0.318642 1.398142
v 0.765864 -0.298011 1.351546
v 0.765864 -0.279005 1.351546
v 0.503755 -0.279005 1.351546
v 0.503755 -0.279005 1.291258
v 0.765864 -0.279005 1.291258
v 0.765864 -0.299192 1.291258
v 0.503755 -0.299192 1.280326
v 0.765864 -0.293257 0.946276
v 0.765864 -0.279005 0.911669
v 0.740750 -0.279005 0.862851
v 0.630643 -0.279005 0.908581
v 0.552750 -0.279005 1.003294
v 0.546768 -0.279005 1.245913
v 0.705830 -0.279005 1.003294
v 0.705830 -0.283733 1.205720
v 0.705830 -0.287558 1.003294
v 0.565724 -0.279005 1.205720
v 0.565724 -0.279005 1.003294
v 0.565724 -0.287558 1.003294
v 0.565724 -0.287558 1.205720
v 0.728068 -0.279005 1.245913
v 0.728068 -0.301670 1.245913
v 0.546768 -0.301670 1.245913
v 0.565724 -0.279005 0.982655
v 0.552750 -0.295047 1.003294
v 0.717269 -0.279005 1.003294
v 0.717269 -0.295047 1.003294
v 0.705830 -0.279005 0.982655
v 0.765864 -0.279005 0.946276
v 0.765864 -0.295612 0.481600
v 0.765864 -0.279005 0.481600
v 0.730179 -0.279005 0.481600
v 0.730179 -0.290028 0.481600
v 0.765864 -0.290028 1.258914
v 0.765864 -0.279005 1.258914
v 0.525953 -0.279005 0.572584
v 1.027972 -0.318642 1.398142
v 1.027972 -0.298011 1.351546
v 1.027972 -0.279005 1.351546
v 1.027972 -0.279005 1.291258
v 1.027972 -0.299192 1.291258
v 1.027972 -0.299192 1.280326
v 1.027972 -0.293257 0.946276
v 1.027972 -0.279005 0.911669
v 1.002858 -0.279005 0.862851
v 0.892751 -0.279005 0.908581
v 0.967939 -0.279005 1.003294
v 0.967939 -0.283733 1.205720
v 0.967939 -0.287558 1.003294
v 0.827833 -0.279005 1.205720
v 0.827833 -0.279005 1.003294
v 0.827833 -0.287558 1.003294
v 0.827833 -0.287558 1.205720
v 0.990177 -0.279005 1.245913
v 0.990177 -0.301670 1.245913
v 0.808877 -0.279005 1.245913
v 0.808877 -0.301670 1.245913
v 0.814858 -0.279005 1.003294
v 0.827833 -0.279005 0.982655
v 0.814858 -0.295047 1.003294
v 0.979378 -0.279005 1.003294
v 0.979378 -0.295047 1.003294
v 0.967939 -0.279005 0.982655
v 1.027972 -0.279005 0.946276
v 1.027972 -0.295612 0.481600
v 1.027972 -0.279005 0.451746
v 1.027972 -0.279005 0.481600
v 0.992287 -0.279005 0.481600
v 0.992287 -0.290028 0.481600
v 1.027972 -0.290028 1.258914
v 1.027972 -0.279005 1.258914
v 0.788062 -0.279005 0.572584
v 0.041840 -0.209318 1.351546
v 0.041840 -0.209318 1.291258
v 0.049185 -0.209318 1.258914
v 0.049184 0.916396 0.911669
v 0.049185 0.916396 0.451746
v 0.049185 -0.318642 1.398142
v 0.049185 -0.209318 1.398142
v 0.026252 -0.209318 1.398142
v 0.097360 -0.318642 1.398142
v 0.049185 0.331364 1.747580
v 0.049185 0.916396 1.493131
v 0.049184 0.916396 1.398142
v 0.097354 -0.318642 1.493131
v 0.097354 -0.209318 1.493131
v 0.049185 -0.209318 1.493131
v 0.049185 -0.318642 1.493131
v 0.097354 0.331364 1.747580
v 0.097354 0.331364 1.652591
v 0.097354 0.916396 1.398142
v 0.097354 0.916396 1.493131
v 0.503755 0.331364 1.652591
v 0.765864 0.331364 1.652591
v 1.027972 0.331364 1.652591
v 0.765864 0.916396 1.398142
v 1.290081 0.331364 1.652591
v 1.552190 0.331364 1.652591
v 1.814299 0.331364 1.652591
v 1.621836 0.916396 1.398142
v 2.223044 0.331364 1.652591
v 2.223044 0.916395 1.398142
v 1.814299 0.916396 1.398142
v 2.223044 -0.226562 1.434187
v 2.268869 0.333488 1.711789
v 2.268869 0.918521 1.457339
v 2.223044 0.918521 1.457339
v 2.223044 0.333488 1.711789
v 2.223044 -0.224438 1.493385
v 2.268869 -0.224438 1.493385
v 2.268869 0.916394 1.398142
v 2.268869 -0.226562 1.434187
v 0.135458 -0.238181 0.039050
v 0.417482 -0.238181 0.039050
v 0.417482 -0.238181 0.365473
v 0.135458 -0.238181 0.365473
v 0.417482 -0.290087 0.117186
v 0.417482 -0.290087 0.039050
v 0.135458 -0.290087 0.365473
v 0.417482 -0.290087 0.365473
v 0.049185 -0.290087 0.136433
v 0.135458 -0.290087 0.136433
v 0.503755 -0.290087 0.136433
v 0.417482 -0.290087 0.136433
v 0.049185 -0.301202 0.117186
v 0.135458 -0.301202 0.117186
v 0.135458 -0.301202 0.136433
v 0.049185 -0.301202 0.136433
v 0.049185 -0.290087 0.039050
v 0.135458 -0.290087 0.039050
v 0.135458 -0.290087 0.117186
v 0.049185 -0.290087 0.117186
v 0.417482 -0.301202 0.117186
v 0.417482 -0.301202 0.136433
v 0.512504 -0.301202 0.136433
v 0.049185 0.916396 0.039050
v 2.165331 -0.421667 0.383404
v 2.139172 -0.421667 0.384224
v 2.165466 -0.421667 0.380073
v 1.918032 -0.286216 0.381373
v 1.917702 -0.421667 0.380073
v 1.917837 -0.421667 0.383404
v 1.944118 -0.421667 0.383699
v 1.956444 -0.421667 0.388519
v 1.984185 -0.421667 0.397004
v 2.014607 -0.286216 0.403364
v 2.012655 -0.421667 0.402417
v 2.041584 -0.421667 0.404231
v 2.070512 -0.421667 0.402417
v 2.089842 -0.286216 0.400443
v 2.098982 -0.421667 0.397004
v 2.126389 -0.421667 0.387654
v 2.165056 -0.286216 0.382022
v 2.091968 -0.286216 0.395584
v 2.022436 -0.286216 0.401370
v 1.954096 -0.286216 0.385688
v 2.604270 0.525867 0.393659
v 2.268869 0.194294 0.551990
v 2.268869 0.432016 0.551990
v 2.268869 0.432015 0.686432
v 2.268869 0.194294 0.686432
v 2.268869 0.203393 1.034564
v 2.268869 0.203393 0.911664
v 2.268868 0.422916 0.911664
v 2.268868 0.422916 1.034564
v 2.268869 0.916396 0.911661
v 2.268869 -0.290087 0.503240
v 2.240728 -0.314050 0.102338
v 2.237153 -0.326518 0.083930
v 2.243897 -0.321422 0.081800
v 2.232435 -0.316772 0.102638
v 2.229231 -0.311001 0.101104
v 2.230706 -0.321422 0.080840
v 2.235929 -0.305363 0.100030
v 2.237073 -0.316326 0.078683
v 2.240075 -0.314028 0.141603
v 2.231795 -0.316788 0.141986
v 2.228591 -0.311033 0.138876
v 2.235282 -0.305363 0.136924
v 2.237638 -0.302728 0.150636
v 2.229368 -0.305424 0.151059
v 2.226140 -0.299613 0.148000
v 2.232763 -0.293951 0.146016
v 2.238469 -0.317185 1.294443
v 2.230269 -0.320163 1.292949
v 2.226856 -0.314514 1.294064
v 2.233369 -0.308688 1.296123
v 2.229887 -0.342990 1.338544
v 2.221664 -0.346020 1.337053
v 2.218255 -0.340353 1.338133
v 2.224818 -0.334507 1.340163
v 2.224988 -0.345960 1.362095
v 2.229761 -0.337260 1.362095
v 2.218255 -0.340353 1.362095
v 2.221458 -0.334567 1.362095
v 2.233000 -0.353753 1.375704
v 2.240641 -0.339950 1.375705
v 2.217226 -0.354037 1.375704
v 2.209093 -0.340518 1.375705
v 2.216734 -0.326715 1.375705
v 2.232508 -0.326431 1.375705
v 2.233000 -0.353753 1.386074
v 2.240641 -0.339950 1.386074
v 2.217226 -0.354037 1.386074
v 2.209093 -0.340518 1.386074
v 2.216734 -0.326715 1.386074
v 2.232508 -0.326431 1.386074
v 0.100109 -0.314025 0.102334
v 0.100282 -0.324573 0.083928
v 0.107059 -0.319477 0.081800
v 0.091806 -0.316764 0.102638
v 0.088602 -0.310993 0.101104
v 0.093868 -0.319477 0.080840
v 0.095308 -0.305355 0.100031
v 0.100216 -0.314381 0.078681
v 0.099475 -0.313971 0.141583
v 0.091166 -0.316780 0.141986
v 0.087962 -0.311025 0.138876
v 0.094730 -0.305355 0.136933
v 0.101213 -0.302717 0.150632
v 0.092937 -0.305424 0.151059
v 0.089708 -0.299613 0.148000
v 0.096338 -0.293951 0.146017
v 0.102039 -0.317182 1.294444
v 0.093838 -0.320163 1.292949
v 0.090424 -0.314514 1.294064
v 0.096928 -0.308688 1.296122
v 0.126593 -0.346232 1.338542
v 0.118374 -0.349255 1.337053
v 0.114965 -0.343588 1.338133
v 0.121401 -0.337744 1.340151
v 0.121697 -0.349195 1.362095
v 0.126471 -0.340495 1.362095
v 0.114965 -0.343588 1.362095
v 0.118168 -0.337802 1.362095
v 0.129710 -0.356988 1.375704
v 0.137351 -0.343185 1.375705
v 0.113936 -0.357272 1.375704
v 0.105803 -0.343753 1.375705
v 0.113444 -0.329950 1.375705
v 0.129218 -0.329666 1.375705
v 0.129710 -0.356988 1.386074
v 0.137351 -0.343185 1.386074
v 0.113936 -0.357272 1.386074
v 0.105803 -0.343753 1.386074
v 0.113444 -0.329950 1.386074
v 0.129218 -0.329666 1.386074
v 0.274816 -0.338730 0.400582
v 0.291720 -0.338730 0.400582
v 0.302815 -0.349825 0.451044
v 0.263721 -0.349825 0.451044
v 0.291720 -0.321826 0.400582
v 0.302815 -0.310731 0.451044
v 0.274816 -0.321826 0.400582
v 0.263721 -0.310731 0.451044
v 0.283268 -0.330278 0.462714
v 1.230047 -0.279005 1.003294
v 1.230047 -0.283733 1.205720
v 1.230047 -0.287558 1.003294
v 1.089941 -0.279005 1.205720
v 1.089941 -0.279005 1.003294
v 1.089941 -0.287558 1.003294
v 1.089941 -0.287558 1.205720
v 1.252285 -0.279005 1.245913
v 1.252285 -0.301670 1.245913
v 1.070985 -0.279005 1.245913
v 1.070985 -0.301670 1.245913
v 1.076967 -0.279005 1.003294
v 1.089941 -0.279005 0.982655
v 1.076967 -0.295047 1.003294
v 1.241486 -0.279005 1.003294
v 1.241486 -0.295047 1.003294
v 1.230047 -0.279005 0.982655
v 1.254396 -0.279005 0.481600
v 1.254396 -0.290028 0.481600
v 0.280591 -0.334285 0.395025
v 0.285128 -0.334285 0.395025
v 0.280592 -0.268342 0.395025
v 0.285128 -0.268342 0.395025
v 0.691039 -0.279005 1.003294
v 0.691039 -0.279005 1.182714
v 0.580922 -0.279005 1.182714
v 0.580922 -0.279005 1.003294
v 0.580922 -0.287558 1.182714
v 0.580922 -0.287558 1.003294
v 0.691039 -0.287558 1.182714
v 0.691039 -0.287558 1.003294
v 0.953147 -0.279005 1.003294
v 0.953147 -0.279005 1.182714
v 0.843031 -0.279005 1.182714
v 0.843031 -0.279005 1.003294
v 0.843031 -0.287558 1.182714
v 0.843031 -0.287558 1.003294
v 0.953147 -0.287558 1.182714
v 0.953147 -0.287558 1.003294
v 1.215256 -0.279005 1.003294
v 1.215256 -0.279005 1.182714
v 1.105139 -0.279005 1.182714
v 1.105139 -0.279005 1.003294
v 1.105139 -0.287558 1.182714
v 1.105139 -0.287558 1.003294
v 1.215256 -0.287558 1.182714
v 1.215256 -0.287558 1.003294
v 1.364906 -0.279005 1.003294
v 1.475023 -0.279005 1.003294
v 1.475023 -0.279005 1.182714
v 1.364906 -0.279005 1.182714
v 1.475023 -0.287558 1.003294
v 1.475023 -0.287558 1.182714
v 1.364906 -0.287558 1.182714
v 1.364906 -0.287558 1.003294
v 1.627015 -0.279005 1.003294
v 1.737131 -0.279005 1.003294
v 1.737131 -0.279005 1.182714
v 1.627015 -0.279005 1.182714
v 1.737131 -0.287558 1.003294
v 1.737131 -0.287558 1.182714
v 1.627015 -0.287558 1.182714
v 1.627015 -0.287558 1.003294
v 1.984482 -0.290087 1.003294
v 2.094599 -0.290087 1.003294
v 2.094599 -0.290087 1.182714
v 1.984482 -0.290087 1.182714
v 2.094599 -0.298640 1.003294
v 2.094599 -0.298640 1.182714
v 1.984482 -0.298640 1.182714
v 1.984482 -0.298640 1.003294
v 0.329017 -0.298258 0.582393
v 0.329017 -0.301110 0.572584
v 0.378924 -0.301110 0.856433
v 0.215925 -0.290087 0.797077
v 0.215925 -0.290087 0.572584
v 0.329017 -0.290087 0.572584
v 0.329017 -0.290087 0.797077
v 0.329017 -0.294641 0.797077
v 0.215925 -0.301110 0.579396
v 0.215925 -0.294641 0.586194
v 0.215925 -0.301110 0.572584
v 0.305329 -0.290087 0.862851
v 0.243362 -0.290087 0.862851
v 0.215925 -0.294641 0.797077
v 0.723685 -0.283558 0.837653
v 0.723685 -0.279005 0.837653
v 0.573392 -0.279005 0.797077
v 0.686485 -0.279005 0.797077
v 0.686485 -0.283558 0.797077
v 0.573392 -0.283558 0.797077
v 0.730179 -0.290028 0.503471
v 0.531850 -0.290028 0.503471
v 0.531850 -0.290028 0.481600
v 0.723067 -0.283559 0.547957
v 0.539953 -0.283558 0.547957
v 0.539953 -0.281863 0.512122
v 0.723067 -0.281452 0.512122
v 0.525953 -0.295244 0.572584
v 0.735820 -0.295244 0.572584
v 0.730179 -0.279005 0.503471
v 0.723067 -0.279005 0.547957
v 0.735820 -0.279005 0.572584
v 0.539953 -0.279005 0.547957
v 0.531850 -0.279005 0.503471
v 0.531850 -0.279005 0.481600
v 0.533536 -0.279005 0.572584
v 0.533536 -0.290028 0.572584
v 0.533536 -0.290028 0.579396
v 0.727414 -0.279005 0.572584
v 0.727414 -0.290028 0.579396
v 0.727414 -0.290028 0.572584
v 0.723685 -0.281544 0.586194
v 0.630643 -0.290028 0.908581
v 0.740750 -0.290028 0.862851
v 0.525453 -0.279005 0.862851
v 0.525453 -0.290028 0.862851
v 0.538669 -0.279005 0.837653
v 0.538669 -0.281760 0.586194
v 0.538669 -0.283558 0.837653
v 0.686485 -0.287176 0.582393
v 0.686485 -0.290028 0.572584
v 0.573392 -0.279005 0.572584
v 0.686485 -0.279005 0.572584
v 0.573392 -0.290028 0.579396
v 0.573392 -0.283558 0.586194
v 0.573392 -0.290028 0.572584
v 0.662797 -0.279005 0.862851
v 0.600830 -0.279005 0.862851
v 0.985794 -0.283558 0.837653
v 0.985794 -0.279005 0.837653
v 0.835501 -0.279005 0.797077
v 0.948593 -0.279005 0.797077
v 0.948593 -0.283558 0.797077
v 0.835501 -0.283558 0.797077
v 0.992287 -0.290028 0.503471
v 0.793959 -0.290028 0.503471
v 0.793959 -0.290028 0.481600
v 0.985175 -0.283558 0.547957
v 0.802062 -0.283559 0.547957
v 0.802062 -0.281864 0.512122
v 0.985175 -0.281452 0.512122
v 0.788062 -0.295244 0.572584
v 0.997929 -0.295244 0.572584
v 0.992287 -0.279005 0.503471
v 0.985175 -0.279005 0.547957
v 0.997929 -0.279005 0.572584
v 0.802062 -0.279005 0.547957
v 0.793959 -0.279005 0.503471
v 0.793959 -0.279005 0.481600
v 0.795644 -0.279005 0.572584
v 0.795644 -0.290028 0.572584
v 0.795644 -0.290028 0.579396
v 0.989522 -0.279005 0.572584
v 0.989522 -0.290028 0.579396
v 0.989522 -0.290028 0.572584
v 0.985794 -0.281544 0.586194
v 0.892751 -0.290028 0.908581
v 1.002858 -0.290028 0.862851
v 0.787562 -0.279005 0.862851
v 0.787562 -0.290028 0.862851
v 0.800777 -0.279005 0.837653
v 0.800777 -0.281761 0.586194
v 0.800777 -0.283558 0.837653
v 0.948593 -0.287176 0.582393
v 0.948593 -0.290028 0.572584
v 0.835501 -0.279005 0.572584
v 0.948593 -0.279005 0.572584
v 0.835501 -0.290028 0.579396
v 0.835501 -0.283559 0.586194
v 0.835501 -0.290028 0.572584
v 0.924905 -0.279005 0.862851
v 0.862938 -0.279005 0.862851
v 1.264967 -0.279005 0.862851
v 1.154860 -0.279005 0.908581
v 1.050170 -0.279005 0.572584
v 1.247903 -0.283558 0.837653
v 1.247903 -0.279005 0.837653
v 1.097610 -0.279005 0.797077
v 1.210702 -0.279005 0.797077
v 1.210702 -0.283558 0.797077
v 1.097610 -0.283558 0.797077
v 1.254396 -0.290028 0.503471
v 1.056067 -0.290028 0.503471
v 1.056067 -0.290028 0.481600
v 1.247284 -0.283558 0.547957
v 1.064170 -0.283558 0.547957
v 1.064170 -0.281863 0.512122
v 1.247284 -0.281452 0.512122
v 1.050170 -0.295244 0.572584
v 1.260037 -0.295244 0.572584
v 1.254396 -0.279005 0.503471
v 1.247284 -0.279005 0.547957
v 1.260037 -0.279005 0.572584
v 1.064170 -0.279005 0.547957
v 1.056067 -0.279005 0.503471
v 1.056067 -0.279005 0.481600
v 1.057753 -0.279005 0.572584
v 1.057753 -0.290028 0.572584
v 1.057753 -0.290028 0.579396
v 1.251631 -0.279005 0.572584
v 1.251631 -0.290028 0.579396
v 1.251631 -0.290028 0.572584
v 1.247903 -0.281544 0.586194
v 1.154860 -0.290028 0.908581
v 1.264967 -0.290028 0.862851
v 1.049670 -0.279005 0.862851
v 1.049670 -0.290028 0.862851
v 1.062886 -0.279005 0.837653
v 1.062886 -0.281760 0.586194
v 1.062886 -0.283558 0.837653
v 1.210702 -0.287176 0.582393
v 1.210702 -0.290028 0.572584
v 1.097610 -0.279005 0.572584
v 1.210702 -0.279005 0.572584
v 1.097610 -0.290028 0.579396
v 1.097610 -0.283558 0.586194
v 1.097610 -0.290028 0.572584
v 1.187014 -0.279005 0.862851
v 1.125047 -0.279005 0.862851
v 1.923674 -0.301110 0.503240
v 1.866334 -0.301110 0.503277
v 2.222765 -0.292683 0.900329
v 2.261636 -0.292518 0.900329
v 1.821655 -0.294641 0.900329
v 1.859409 -0.292343 0.900329
v 1.872799 -0.294641 0.900329
v 1.916171 -0.292353 0.900329
v 2.166581 -0.292309 0.900329
v 2.209219 -0.292343 0.900310
v 2.222765 -0.292345 0.511017
v 2.216092 -0.301110 0.503240
v 2.268869 -0.301110 0.503240
v 2.261636 -0.292975 0.511017
v 1.916171 -0.292555 0.511017
v 1.872799 -0.292089 0.511017
v 2.166581 -0.292183 0.511017
v 2.160651 -0.301110 0.503240
v 2.209219 -0.294641 0.510999
v 1.821655 -0.294641 0.511017
v 1.859409 -0.294641 0.511017
v 2.143671 -0.301110 0.481600
v 2.143671 -0.301110 0.503471
v 1.945342 -0.301110 0.503471
v 1.952454 -0.294641 0.547957
v 1.952454 -0.292358 0.512122
v 2.135568 -0.292504 0.512122
v 2.135568 -0.294641 0.547957
v 2.141985 -0.290087 0.572584
v 2.149568 -0.290087 0.572584
v 2.149568 -0.306326 0.572584
v 1.939701 -0.306326 0.572584
v 1.872799 -0.290087 0.900329
v 1.859409 -0.290087 0.511017
v 1.814298 -0.301110 0.503240
v 2.160651 -0.290087 0.481600
v 2.160651 -0.301110 0.481600
v 2.160651 -0.290087 0.503240
v 2.268869 -0.301110 0.481600
v 1.814298 -0.279005 0.481600
v 1.814298 -0.279005 0.503240
v 1.821655 -0.279005 0.511017
v 1.821655 -0.279005 0.900329
v 1.866596 -0.290087 0.911669
v 1.866334 -0.290087 0.503277
v 1.923674 -0.290087 0.503240
v 1.945342 -0.290087 0.503471
v 1.952454 -0.290087 0.547957
v 1.939701 -0.290087 0.572584
v 2.135568 -0.290087 0.547957
v 2.143671 -0.290087 0.503471
v 2.143671 -0.290087 0.481600
v 2.141985 -0.301110 0.579396
v 2.141985 -0.301110 0.572584
v 1.948107 -0.290087 0.572584
v 1.948107 -0.301110 0.572584
v 1.948107 -0.301110 0.579396
v 1.951836 -0.292828 0.586194
v 1.951836 -0.294641 0.837653
v 1.951836 -0.290087 0.837653
v 1.934771 -0.290087 0.862851
v 1.934771 -0.301110 0.862851
v 2.044878 -0.301110 0.908581
v 2.044878 -0.290087 0.908581
v 2.150068 -0.301110 0.862851
v 2.150068 -0.290087 0.862851
v 2.136853 -0.290087 0.837653
v 2.136853 -0.294641 0.837653
v 2.136853 -0.292843 0.586194
v 2.209219 -0.290087 0.510999
v 2.216354 -0.290087 0.911632
v 2.216092 -0.290087 0.503240
v 1.577304 -0.279005 0.862851
v 1.594368 -0.281544 0.586194
v 1.594368 -0.279005 0.837653
v 1.786203 -0.279005 0.503471
v 1.786203 -0.279005 0.481600
v 1.315195 -0.279005 0.862851
v 1.332259 -0.281544 0.586194
v 1.332259 -0.279005 0.837653
v 1.529992 -0.279005 0.572584
v 1.524095 -0.279005 0.503471
v 1.524095 -0.279005 0.481600
v 1.989036 -0.301110 0.572584
v 1.989036 -0.298258 0.582393
v 1.939129 -0.301110 0.856433
v 1.989036 -0.290087 0.572584
v 2.102129 -0.290087 0.572584
v 2.102129 -0.290087 0.797077
v 1.989036 -0.290087 0.797077
v 1.989036 -0.294641 0.797077
v 2.102129 -0.294641 0.586194
v 2.102129 -0.301110 0.579396
v 2.102129 -0.301110 0.572584
v 2.012724 -0.290087 0.862851
v 2.074691 -0.290087 0.862851
v 2.102129 -0.294641 0.797077
v 1.594368 -0.283558 0.837653
v 1.744661 -0.279005 0.797077
v 1.744661 -0.283558 0.797077
v 1.631568 -0.283558 0.797077
v 1.631568 -0.279005 0.797077
v 1.786203 -0.290028 0.481600
v 1.786203 -0.290028 0.503471
v 1.587875 -0.290028 0.503471
v 1.594987 -0.283558 0.547957
v 1.594987 -0.281452 0.512122
v 1.778100 -0.281624 0.512122
v 1.778100 -0.283559 0.547957
v 1.792100 -0.295244 0.572584
v 1.582233 -0.295244 0.572584
v 1.587875 -0.279005 0.503471
v 1.594987 -0.279005 0.547957
v 1.582233 -0.279005 0.572584
v 1.792100 -0.279005 0.572584
v 1.778100 -0.279005 0.547957
v 1.784518 -0.290028 0.579396
v 1.784518 -0.290028 0.572584
v 1.784518 -0.279005 0.572584
v 1.590640 -0.279005 0.572584
v 1.590640 -0.290028 0.572584
v 1.590640 -0.290028 0.579396
v 1.577304 -0.290028 0.862851
v 1.687411 -0.290028 0.908581
v 1.687411 -0.279005 0.908581
v 1.792600 -0.290028 0.862851
v 1.792600 -0.279005 0.862851
v 1.779385 -0.279005 0.837653
v 1.779385 -0.283558 0.837653
v 1.779385 -0.281760 0.586194
v 1.631568 -0.290028 0.572584
v 1.631568 -0.287176 0.582393
v 1.631568 -0.279005 0.572584
v 1.744661 -0.279005 0.572584
v 1.744661 -0.283559 0.586194
v 1.744661 -0.290028 0.579396
v 1.744661 -0.290028 0.572584
v 1.655257 -0.279005 0.862851
v 1.717224 -0.279005 0.862851
v 1.332259 -0.283558 0.837653
v 1.482553 -0.279005 0.797077
v 1.482553 -0.283558 0.797077
v 1.369460 -0.283558 0.797077
v 1.369460 -0.279005 0.797077
v 1.524095 -0.290028 0.481600
v 1.524095 -0.290028 0.503471
v 1.325766 -0.290028 0.503471
v 1.332878 -0.283558 0.547957
v 1.332878 -0.281452 0.512122
v 1.515992 -0.281863 0.512122
v 1.515992 -0.283558 0.547957
v 1.529992 -0.295244 0.572584
v 1.320125 -0.295244 0.572584
v 1.325766 -0.279005 0.503471
v 1.332878 -0.279005 0.547957
v 1.320125 -0.279005 0.572584
v 1.515992 -0.279005 0.547957
v 1.522409 -0.290028 0.579396
v 1.522409 -0.290028 0.572584
v 1.522409 -0.279005 0.572584
v 1.328531 -0.279005 0.572584
v 1.328531 -0.290028 0.572584
v 1.328531 -0.290028 0.579396
v 1.315195 -0.290028 0.862851
v 1.425302 -0.290028 0.908581
v 1.425302 -0.279005 0.908581
v 1.530492 -0.290028 0.862851
v 1.530492 -0.279005 0.862851
v 1.517276 -0.279005 0.837653
v 1.517276 -0.283558 0.837653
v 1.517276 -0.281760 0.586194
v 1.369460 -0.290028 0.572584
v 1.369460 -0.287176 0.582393
v 1.369460 -0.279005 0.572584
v 1.482553 -0.279005 0.572584
v 1.482553 -0.283558 0.586194
v 1.482553 -0.290028 0.579396
v 1.482553 -0.290028 0.572584
v 1.393148 -0.279005 0.862851
v 1.455115 -0.279005 0.862851
v 0.879818 -0.285879 0.444071
v 0.883356 -0.285879 0.390789
v 0.911605 -0.285879 0.390789
v 0.915870 -0.285879 0.444071
v 0.825195 -0.285879 0.175871
v 0.967933 -0.283207 0.175871
v 0.975231 -0.291837 0.193240
v 0.818615 -0.291837 0.193240
v 0.975231 -0.279005 0.193240
v 0.966563 -0.279005 0.390789
v 0.966563 -0.279005 0.193240
v 0.842106 -0.285879 0.193240
v 0.842106 -0.285879 0.377706
v 0.827273 -0.285879 0.390789
v 0.827273 -0.285879 0.193240
v 0.825195 -0.285879 0.136433
v 0.967933 -0.285879 0.136433
v 0.951757 -0.285879 0.377706
v 0.951757 -0.285879 0.193240
v 0.966563 -0.285879 0.193240
v 0.966563 -0.285879 0.390789
v 0.827273 -0.279005 0.390789
v 0.818615 -0.279005 0.193240
v 0.827273 -0.279005 0.193240
v 0.879818 -0.279005 0.444071
v 0.915870 -0.279005 0.444071
v 0.883356 -0.279005 0.390789
v 0.842106 -0.268214 0.193240
v 0.951757 -0.268214 0.193240
v 0.951757 -0.268214 0.377706
v 0.842106 -0.268214 0.377706
v 0.910357 -0.285879 0.377706
v 0.884276 -0.285879 0.377706
v 0.911605 -0.279005 0.390789
v 0.967933 -0.279005 0.136433
v 0.825195 -0.279005 0.136433
v 0.946873 -0.286569 0.211468
v 0.946873 -0.269991 0.211468
v 0.846963 -0.269991 0.211468
v 0.846963 -0.286569 0.211468
v 0.848804 -0.273381 0.193240
v 0.945032 -0.273381 0.193240
v 0.848803 -0.283179 0.193240
v 0.945032 -0.283179 0.193240
v 1.027972 -0.279005 0.039050
v 1.027972 -0.279005 0.117186
v 1.027972 -0.279005 0.136433
v 1.027972 -0.290087 0.117186
v 1.027972 -0.290087 0.136433
v 1.141927 -0.285879 0.444071
v 1.145465 -0.285879 0.390789
v 1.173713 -0.285879 0.390789
v 1.177979 -0.285879 0.444071
v 1.087304 -0.285879 0.175871
v 1.230041 -0.283206 0.175871
v 1.237340 -0.291836 0.193240
v 1.080724 -0.291837 0.193240
v 1.237340 -0.279005 0.193240
v 1.228671 -0.279005 0.390789
v 1.228671 -0.279005 0.193240
v 1.104215 -0.285879 0.193240
v 1.104215 -0.285879 0.377706
v 1.089382 -0.285879 0.390789
v 1.089382 -0.285879 0.193240
v 1.087304 -0.285879 0.136433
v 1.230041 -0.285879 0.136433
v 1.213866 -0.285879 0.377706
v 1.213866 -0.285879 0.193240
v 1.228671 -0.285879 0.193240
v 1.228671 -0.285879 0.390789
v 1.089382 -0.279005 0.390789
v 1.080724 -0.279005 0.193240
v 1.089382 -0.279005 0.193240
v 1.141927 -0.279005 0.444071
v 1.177979 -0.279005 0.444071
v 1.145465 -0.279005 0.390789
v 1.104215 -0.268214 0.193240
v 1.213866 -0.268214 0.193240
v 1.213866 -0.268214 0.377706
v 1.104215 -0.268214 0.377706
v 1.172465 -0.285879 0.377706
v 1.146385 -0.285879 0.377706
v 1.173713 -0.279005 0.390789
v 1.230041 -0.279005 0.136433
v 1.087304 -0.279005 0.136433
v 1.208981 -0.286569 0.211468
v 1.208981 -0.269991 0.211468
v 1.109072 -0.269991 0.211468
v 1.109072 -0.286569 0.211468
v 1.110912 -0.273381 0.193240
v 1.207141 -0.273381 0.193240
v 1.110912 -0.283179 0.193240
v 1.207141 -0.283179 0.193240
v 1.290081 -0.279005 0.039050
v 1.290081 -0.279005 0.117186
v 1.290081 -0.279005 0.136433
v 1.290081 -0.290087 0.117186
v 1.290081 -0.290087 0.136433
v 1.404036 -0.285879 0.444071
v 1.407574 -0.285879 0.390789
v 1.435822 -0.285879 0.390789
v 1.440088 -0.285879 0.444071
v 1.349413 -0.285879 0.175871
v 1.492150 -0.283206 0.175871
v 1.499449 -0.291836 0.193240
v 1.342832 -0.291836 0.193240
v 1.499449 -0.279005 0.193240
v 1.490780 -0.279005 0.390789
v 1.490780 -0.279005 0.193240
v 1.366324 -0.285879 0.193240
v 1.366324 -0.285879 0.377706
v 1.351491 -0.285879 0.390789
v 1.351491 -0.285879 0.193240
v 1.349413 -0.285879 0.136433
v 1.492150 -0.285879 0.136433
v 1.475975 -0.285879 0.377706
v 1.475975 -0.285879 0.193240
v 1.490780 -0.285879 0.193240
v 1.490780 -0.285879 0.390789
v 1.351491 -0.279005 0.390789
v 1.342832 -0.279005 0.193240
v 1.351491 -0.279005 0.193240
v 1.404036 -0.279005 0.444071
v 1.440088 -0.279005 0.444071
v 1.407574 -0.279005 0.390789
v 1.366324 -0.268214 0.193240
v 1.475975 -0.268214 0.193240
v 1.475975 -0.268214 0.377706
v 1.366324 -0.268214 0.377706
v 1.434574 -0.285879 0.377706
v 1.408494 -0.285879 0.377706
v 1.435822 -0.279005 0.390789
v 1.492150 -0.279005 0.136433
v 1.349413 -0.279005 0.136433
v 1.471090 -0.286569 0.211468
v 1.471090 -0.269991 0.211468
v 1.371181 -0.269991 0.211468
v 1.371181 -0.286569 0.211468
v 1.373021 -0.273381 0.193240
v 1.469250 -0.273381 0.193240
v 1.373021 -0.283179 0.193240
v 1.469250 -0.283179 0.193240

# UV Coordinates
vt 0.296021 0.000000
vt 0.337977 -0.833629
vt 0.296021 -0.833629
vt 0.296021 0.000000
vt 0.337977 -0.833629
vt 0.296021 -0.833629
vt 0.495875 -0.833629
vt 0.337977 -0.833629
vt 0.296021 -0.000001
vt 0.611817 0.000000
vt 0.245643 0.000000
vt 0.611817 -0.000001
vt 0.245643 -0.253135
vt 0.381966 -0.218918
vt 0.374355 -0.219390
vt 0.362603 -0.251377
vt 0.384565 -0.251377
vt 0.420790 -0.098562
vt 0.414026 -0.087887
vt 0.329182 -0.088371
vt 0.325317 -0.098571
vt 0.420878 -0.098624
vt 0.415447 -0.098571
vt 0.415447 -0.218918
vt 0.339628 -0.098571
vt 0.330592 -0.098571
vt 0.330592 -0.218918
vt 0.339616 -0.210933
vt 0.329275 -0.063965
vt 0.329326 -0.087990
vt 0.416319 -0.063975
vt 0.406427 -0.210948
vt 0.415447 -0.218918
vt 0.415447 -0.098571
vt 0.406427 -0.098571
vt 0.330592 -0.218918
vt 0.330592 -0.098571
vt 0.325319 -0.098569
vt 0.452857 -0.256053
vt 0.384565 -0.251377
vt 0.362603 -0.251377
vt 0.293182 -0.256053
vt 0.364758 -0.218918
vt 0.406427 -0.210948
vt 0.406427 -0.098571
vt 0.339628 -0.098571
vt 0.339628 -0.211071
vt 0.381207 -0.210948
vt 0.366324 -0.211016
vt 0.381966 -0.218918
vt 0.416262 -0.063983
vt 0.416313 -0.064011
vt 0.411624 -0.098327
vt 0.415559 -0.098327
vt 0.415559 -0.218674
vt 0.411624 -0.218674
vt 0.336378 -0.195429
vt 0.332190 -0.195429
vt 0.332190 -0.161949
vt 0.336378 -0.161949
vt 0.411624 -0.218685
vt 0.415559 -0.218685
vt 0.415559 -0.251046
vt 0.411624 -0.251046
vt 0.336378 -0.164547
vt 0.332190 -0.164547
vt 0.332190 -0.142585
vt 0.336378 -0.142585
vt 0.411624 -0.250952
vt 0.415559 -0.250952
vt 0.415559 -0.218647
vt 0.411624 -0.218647
vt 0.336378 -0.144740
vt 0.332190 -0.144740
vt 0.332190 -0.110574
vt 0.336378 -0.110574
vt 0.411624 -0.218674
vt 0.415559 -0.218674
vt 0.415559 -0.098327
vt 0.411624 -0.098327
vt 0.416293 -0.063950
vt 0.416241 -0.063955
vt 0.415559 -0.087956
vt 0.405445 -0.098327
vt 0.415559 -0.098327
vt 0.415559 -0.210704
vt 0.405445 -0.210704
vt 0.533897 -0.310062
vt 0.518010 -0.310062
vt 0.492789 -0.299301
vt 0.559587 -0.299301
vt 0.405445 -0.210704
vt 0.415559 -0.210704
vt 0.415559 -0.098327
vt 0.405445 -0.098327
vt 0.411624 -0.098747
vt 0.418958 -0.098708
vt 0.418970 -0.098626
vt 0.411624 -0.098626
vt 0.852331 -0.544419
vt 0.852331 -0.347594
vt 0.884990 -0.347594
vt 0.884990 -0.544419
vt 0.572912 -0.957333
vt 0.575699 -0.959327
vt 0.615810 -0.959327
vt 0.618586 -0.957332
vt 0.615810 -0.963141
vt 0.618562 -0.964193
vt 0.968489 -0.301130
vt 0.932578 -0.304756
vt 0.932578 -0.107932
vt 0.968489 -0.111558
vt 0.968489 -0.264120
vt 0.932578 -0.257438
vt 0.932578 -0.290098
vt 0.968489 -0.283420
vt 0.968489 -0.111558
vt 0.932578 -0.107932
vt 0.932578 -0.304756
vt 0.968489 -0.301130
vt 0.968489 -0.283420
vt 0.932578 -0.290098
vt 0.932578 -0.257438
vt 0.968489 -0.264120
vt 0.329326 -0.063965
vt 0.293182 -0.063965
vt 0.329326 -0.087990
vt 0.293182 -0.004639
vt 0.293182 -0.052239
vt 0.452857 -0.052239
vt 0.452857 -0.004639
vt 0.452857 -0.063965
vt 0.293257 -0.033961
vt 0.298346 -0.040712
vt 0.452933 -0.040712
vt 0.452933 -0.033961
vt 0.297413 -0.036800
vt 0.332937 -0.033717
vt 0.332937 -0.028681
vt 0.297413 -0.028681
vt 0.298271 -0.052239
vt 0.298271 -0.063966
vt 0.452857 -0.063965
vt 0.452857 -0.052239
vt 0.293182 -0.832594
vt 0.293182 -0.804209
vt 0.016259 -0.804209
vt 0.016259 -0.832594
vt 0.293182 -0.804209
vt 0.293182 -0.767481
vt 0.016259 -0.767481
vt 0.016259 -0.804209
vt 0.293182 -0.767481
vt 0.293182 -0.760821
vt 0.016259 -0.760821
vt 0.016259 -0.767481
vt 0.293182 -0.747777
vt 0.261596 -0.747777
vt 0.293182 -0.536236
vt 0.261322 -0.536236
vt 0.300785 -0.557319
vt 0.227082 -0.747777
vt 0.257544 -0.741707
vt 0.231122 -0.741707
vt 0.261596 -0.747777
vt 0.265701 -0.741707
vt 0.257544 -0.741707
vt 0.048000 -0.747777
vt 0.082629 -0.747777
vt 0.078572 -0.741707
vt 0.052566 -0.741707
vt 0.016259 -0.747777
vt 0.044344 -0.741707
vt 0.020865 -0.741707
vt 0.288252 -0.741707
vt 0.265701 -0.741707
vt 0.231122 -0.574244
vt 0.257544 -0.574244
vt 0.052566 -0.574244
vt 0.078572 -0.574244
vt 0.020865 -0.574244
vt 0.044344 -0.574244
vt 0.288252 -0.574244
vt 0.265701 -0.574244
vt 0.225904 -0.569223
vt 0.261464 -0.569223
vt 0.048218 -0.569223
vt 0.083622 -0.569223
vt 0.016259 -0.569223
vt 0.293182 -0.569223
vt 0.225904 -0.557319
vt 0.225904 -0.536236
vt 0.083622 -0.536236
vt 0.083622 -0.557319
vt 0.048292 -0.536236
vt 0.016259 -0.536236
vt 0.016259 -0.557319
vt 0.083622 -0.557319
vt 0.635517 -0.528708
vt 0.635517 -0.300346
vt 0.630074 -0.300346
vt 0.633247 -0.528708
vt 0.225904 -0.569223
vt 0.225904 -0.557319
vt 0.198517 -0.579481
vt 0.205486 -0.592054
vt 0.030294 -0.592056
vt 0.035505 -0.592056
vt 0.032962 -0.715373
vt 0.030294 -0.715373
vt 0.035505 -0.715373
vt 0.035505 -0.592056
vt 0.030294 -0.592056
vt 0.044101 -0.739858
vt 0.030294 -0.739858
vt 0.556215 -0.981837
vt 0.556215 -0.990660
vt 0.631788 -0.990660
vt 0.631788 -0.981837
vt 0.030294 -0.739858
vt 0.044101 -0.739858
vt 0.196015 -0.592056
vt 0.205788 -0.592056
vt 0.196015 -0.579482
vt 0.196015 -0.592056
vt 0.196015 -0.579482
vt 0.205788 -0.592056
vt 0.500712 -0.981837
vt 0.500712 -0.985381
vt 0.690193 -0.989696
vt 0.690193 -0.981837
vt 0.030378 -0.747784
vt 0.037093 -0.747784
vt 0.033152 -0.741714
vt 0.030378 -0.741714
vt 0.030294 -0.741708
vt 0.033069 -0.741708
vt 0.031776 -0.574246
vt 0.037010 -0.569225
vt 0.030294 -0.569225
vt 0.023542 -0.557321
vt 0.037010 -0.557321
vt 0.037010 -0.569225
vt 0.023542 -0.569225
vt 0.033069 -0.574246
vt 0.023542 -0.574246
vt 0.033069 -0.741708
vt 0.023542 -0.741708
vt 0.030257 -0.747779
vt 0.023542 -0.747779
vt 0.030378 -0.747784
vt 0.037093 -0.747784
vt 0.033152 -0.741714
vt 0.030378 -0.741714
vt 0.030294 -0.741708
vt 0.033069 -0.741708
vt 0.033069 -0.574246
vt 0.030294 -0.574246
vt 0.030378 -0.574252
vt 0.033152 -0.574252
vt 0.037093 -0.569230
vt 0.030378 -0.569230
vt 0.030294 -0.569225
vt 0.037010 -0.569225
vt 0.037010 -0.557321
vt 0.030294 -0.557321
vt 0.031774 -0.574246
vt 0.037010 -0.747779
vt 0.030294 -0.747779
vt 0.031879 -0.741708
vt 0.030378 -0.747784
vt 0.037093 -0.747784
vt 0.033152 -0.741714
vt 0.030378 -0.741714
vt 0.030294 -0.741708
vt 0.033069 -0.741708
vt 0.031775 -0.574246
vt 0.037010 -0.569225
vt 0.030294 -0.569225
vt 0.030294 -0.557321
vt 0.037010 -0.557321
vt 0.037010 -0.569225
vt 0.030294 -0.569225
vt 0.031788 -0.574246
vt 0.037010 -0.747779
vt 0.030294 -0.747779
vt 0.031775 -0.741708
vt 0.030378 -0.747784
vt 0.037093 -0.747784
vt 0.033152 -0.741714
vt 0.030378 -0.741714
vt 0.030294 -0.741708
vt 0.033069 -0.741708
vt 0.033069 -0.574246
vt 0.030294 -0.574246
vt 0.030378 -0.574252
vt 0.033152 -0.574252
vt 0.037093 -0.569230
vt 0.030378 -0.569230
vt 0.030294 -0.569225
vt 0.037010 -0.569225
vt 0.037010 -0.557321
vt 0.030294 -0.536238
vt 0.031773 -0.574246
vt 0.037010 -0.747779
vt 0.030294 -0.747779
vt 0.031880 -0.741708
vt 0.546746 -0.986128
vt 0.644101 -0.986128
vt 0.644101 -0.981837
vt 0.546746 -0.981837
vt 0.038977 -0.557321
vt 0.044910 -0.557321
vt 0.037010 -0.536238
vt 0.030294 -0.536238
vt 0.023542 -0.536238
vt 0.037010 -0.536238
vt 0.044910 -0.557321
vt 0.032225 -0.557321
vt 0.495510 -0.983071
vt 0.495510 -0.991178
vt 0.500712 -0.986128
vt 0.500712 -0.977521
vt 0.030294 -0.536238
vt 0.037010 -0.536238
vt 0.044910 -0.557321
vt 0.038977 -0.557321
vt 0.245755 -0.501259
vt 0.245755 -0.356807
vt 0.239040 -0.356807
vt 0.239040 -0.501259
vt 0.225904 -0.557319
vt 0.016259 -0.557319
vt 0.048000 -0.747777
vt 0.052566 -0.741707
vt 0.044344 -0.741707
vt 0.555336 -0.981837
vt 0.546304 -0.981837
vt 0.546304 -0.986128
vt 0.555336 -0.986128
vt 0.500712 -0.988302
vt 0.452858 -0.832594
vt 0.452858 -0.804209
vt 0.293182 -0.804209
vt 0.293182 -0.832594
vt 0.452858 -0.804209
vt 0.452858 -0.767481
vt 0.293182 -0.767481
vt 0.293182 -0.804209
vt 0.452858 -0.767481
vt 0.612533 -0.760821
vt 0.293182 -0.760821
vt 0.293182 -0.767481
vt 0.452858 -0.557319
vt 0.452858 -0.536236
vt 0.293182 -0.536236
vt 0.300785 -0.557319
vt 0.635501 -0.528708
vt 0.632327 -0.528708
vt 0.635501 -0.660382
vt 0.323029 -0.592054
vt 0.319386 -0.739856
vt 0.330933 -0.715371
vt 0.330933 -0.592054
vt 0.023542 -0.592056
vt 0.028752 -0.592056
vt 0.026422 -0.715373
vt 0.023542 -0.715373
vt 0.028752 -0.715373
vt 0.028752 -0.592056
vt 0.023542 -0.592056
vt 0.037350 -0.739858
vt 0.023542 -0.739858
vt 0.556881 -0.961516
vt 0.556881 -0.970340
vt 0.632453 -0.970340
vt 0.632453 -0.961516
vt 0.023542 -0.739858
vt 0.037350 -0.739858
vt 0.116522 -0.592056
vt 0.106749 -0.592056
vt 0.116522 -0.579482
vt 0.116522 -0.592056
vt 0.116522 -0.579482
vt 0.106749 -0.592056
vt 0.541126 -0.961516
vt 0.541126 -0.969376
vt 0.650383 -0.969376
vt 0.650383 -0.965831
vt 0.541126 -0.961516
vt 0.541126 -0.967065
vt 0.645180 -0.967065
vt 0.650383 -0.961516
vt 0.541126 -0.967982
vt 0.556001 -0.965808
vt 0.556001 -0.961516
vt 0.541126 -0.961516
vt 0.452858 -0.747777
vt 0.293182 -0.747777
vt 0.239084 -0.515827
vt 0.245800 -0.515827
vt 0.245800 -0.356151
vt 0.239084 -0.356151
vt 0.041872 -0.804210
vt 0.054441 -0.832596
vt 0.047689 -0.832596
vt 0.035121 -0.804210
vt 0.058226 -0.767483
vt 0.064977 -0.767483
vt 0.064977 -0.804210
vt 0.058226 -0.804210
vt 0.042592 -0.760823
vt 0.042592 -0.767483
vt 0.035840 -0.767483
vt 0.035840 -0.760823
vt 0.288252 -0.741707
vt 0.293182 -0.747777
vt 0.293182 -0.569223
vt 0.288252 -0.574244
vt 0.650383 -0.961516
vt 0.500712 -0.989696
vt 0.630058 -0.660382
vt 0.630058 -0.528708
vt 0.630074 -0.528708
vt 0.037010 -0.747779
vt 0.330933 -0.579481
vt 0.293182 -0.557319
vt 0.416285 -0.715371
vt 0.429833 -0.739856
vt 0.423254 -0.592054
vt 0.416285 -0.592054
vt 0.225904 -0.557319
vt 0.225904 -0.536236
vt 0.612533 -0.832594
vt 0.612533 -0.804209
vt 0.612533 -0.804209
vt 0.612533 -0.767481
vt 0.612533 -0.767481
vt 0.612533 -0.557319
vt 0.612533 -0.536236
vt 0.630058 -0.792057
vt 0.635501 -0.792057
vt 0.482705 -0.592054
vt 0.479062 -0.739856
vt 0.490609 -0.715371
vt 0.490609 -0.592054
vt 0.023542 -0.592056
vt 0.028752 -0.592056
vt 0.026422 -0.715373
vt 0.023542 -0.715373
vt 0.028752 -0.715373
vt 0.028752 -0.592056
vt 0.023542 -0.592056
vt 0.037350 -0.739858
vt 0.023542 -0.739858
vt 0.556062 -0.961516
vt 0.556062 -0.970340
vt 0.631635 -0.970340
vt 0.631635 -0.961516
vt 0.023542 -0.739858
vt 0.037350 -0.739858
vt 0.116522 -0.592056
vt 0.106749 -0.592056
vt 0.116522 -0.579482
vt 0.116522 -0.592056
vt 0.116522 -0.579482
vt 0.106749 -0.592056
vt 0.540308 -0.961516
vt 0.540308 -0.969376
vt 0.649564 -0.969376
vt 0.649564 -0.961516
vt 0.540308 -0.961516
vt 0.540308 -0.967065
vt 0.649564 -0.967065
vt 0.649564 -0.961516
vt 0.540308 -0.967982
vt 0.555183 -0.965808
vt 0.555183 -0.961516
vt 0.540308 -0.961516
vt 0.612533 -0.747777
vt 0.239084 -0.513402
vt 0.245800 -0.513402
vt 0.245800 -0.353726
vt 0.239084 -0.353726
vt 0.575962 -0.715371
vt 0.589509 -0.739856
vt 0.582929 -0.592054
vt 0.575962 -0.592054
vt 0.020865 -0.741707
vt 0.020865 -0.574244
vt 0.016259 -0.569223
vt 0.016259 -0.747777
vt 0.078517 -0.760204
vt 0.066219 -0.767550
vt 0.078517 -0.767550
vt 0.690193 -0.991178
vt 0.644101 -0.987385
vt 0.644101 -0.991178
vt 0.889458 -0.004639
vt 0.802394 -0.052239
vt 0.699598 -0.052239
vt 0.612535 -0.004639
vt 0.889458 -0.052239
vt 0.802394 -0.052239
vt 0.612535 -0.063964
vt 0.699598 -0.063964
vt 0.889458 -0.256052
vt 0.612535 -0.256052
vt 0.802394 -0.063964
vt 0.889458 -0.063964
vt 0.889458 -0.063964
vt 0.802394 -0.063964
vt 0.802394 -0.052239
vt 0.889458 -0.052239
vt 0.699598 -0.052239
vt 0.612535 -0.052239
vt 0.891841 -0.064143
vt 0.891841 -0.052246
vt 0.884971 -0.052246
vt 0.884971 -0.064143
vt 0.891842 -0.052246
vt 0.891842 -0.064143
vt 0.884971 -0.064143
vt 0.884971 -0.052246
vt 0.889458 -0.053183
vt 0.802394 -0.053183
vt 0.802394 -0.059954
vt 0.889458 -0.059954
vt 0.891842 -0.064143
vt 0.891842 -0.052246
vt 0.884971 -0.052246
vt 0.884971 -0.064143
vt 0.802394 -0.053183
vt 0.889458 -0.053183
vt 0.889458 -0.059954
vt 0.802394 -0.059954
vt 0.891842 -0.063806
vt 0.891842 -0.052246
vt 0.884971 -0.052246
vt 0.884971 -0.063806
vt 0.631936 -0.063954
vt 0.631936 -0.256041
vt 0.625185 -0.256041
vt 0.625185 -0.063954
vt 0.631936 -0.004628
vt 0.631936 -0.052228
vt 0.625185 -0.052228
vt 0.625185 -0.004628
vt 0.607445 -0.027042
vt 0.612535 -0.020291
vt 0.612535 -0.027042
vt 0.607445 -0.033812
vt 0.699598 -0.063964
vt 0.607445 -0.063964
vt 0.607445 -0.052239
vt 0.699598 -0.052239
vt 0.699599 -0.059954
vt 0.699599 -0.053183
vt 0.612535 -0.053183
vt 0.607445 -0.059954
vt 0.325914 -0.975633
vt 0.241763 -0.975633
vt 0.241763 -0.998718
vt 0.001674 -0.834696
vt 0.001674 -0.998706
vt 0.156875 -0.975621
vt 0.156875 -0.834696
vt 0.241793 -0.998706
vt 0.481145 -0.998706
vt 0.481145 -0.873397
vt 0.325944 -0.975621
vt 0.996081 -0.997344
vt 0.786203 -0.997344
vt 0.786203 -0.814566
vt 0.996081 -0.814566
vt 0.786203 -0.997344
vt 0.996081 -0.997344
vt 0.996081 -0.814566
vt 0.786203 -0.814566
vt 0.995967 -0.815750
vt 0.995967 -0.941075
vt 0.786089 -0.941075
vt 0.786089 -0.815750
vt 0.668727 -0.865799
vt 0.668727 -0.977017
vt 0.754106 -0.977017
vt 0.755104 -0.850413
vt 0.663579 -0.850413
vt 0.663579 -0.970650
vt 0.669308 -0.499396
vt 0.658613 -0.499396
vt 0.658613 -0.584597
vt 0.669308 -0.584597
vt 0.362603 -0.251377
vt 0.374355 -0.219390
vt 0.381966 -0.218918
vt 0.384565 -0.251377
vt 0.329182 -0.088371
vt 0.414026 -0.087887
vt 0.420790 -0.098562
vt 0.325317 -0.098571
vt 0.420878 -0.098624
vt 0.415447 -0.218918
vt 0.415447 -0.098571
vt 0.339628 -0.098571
vt 0.339616 -0.210933
vt 0.330592 -0.218918
vt 0.330592 -0.098571
vt 0.329275 -0.063965
vt 0.416319 -0.063975
vt 0.329326 -0.087990
vt 0.406427 -0.210948
vt 0.406427 -0.098571
vt 0.415447 -0.098571
vt 0.415447 -0.218918
vt 0.330592 -0.218918
vt 0.325319 -0.098569
vt 0.330592 -0.098571
vt 0.452857 -0.256053
vt 0.293182 -0.256053
vt 0.362603 -0.251377
vt 0.384565 -0.251377
vt 0.364758 -0.218918
vt 0.339628 -0.098571
vt 0.406427 -0.098571
vt 0.406427 -0.210948
vt 0.339628 -0.211071
vt 0.381207 -0.210948
vt 0.366324 -0.211016
vt 0.381966 -0.218918
vt 0.416313 -0.064011
vt 0.416262 -0.063983
vt 0.411624 -0.098327
vt 0.411624 -0.218674
vt 0.415559 -0.218674
vt 0.415559 -0.098327
vt 0.336378 -0.195429
vt 0.336378 -0.161949
vt 0.332190 -0.161949
vt 0.332190 -0.195429
vt 0.411624 -0.218685
vt 0.411624 -0.251046
vt 0.415559 -0.251046
vt 0.415559 -0.218685
vt 0.336378 -0.164547
vt 0.336378 -0.142585
vt 0.332190 -0.142585
vt 0.332190 -0.164547
vt 0.411624 -0.250952
vt 0.411624 -0.218647
vt 0.415559 -0.218647
vt 0.415559 -0.250952
vt 0.336378 -0.144740
vt 0.336378 -0.110574
vt 0.332190 -0.110574
vt 0.332190 -0.144740
vt 0.411624 -0.218674
vt 0.411624 -0.098327
vt 0.415559 -0.098327
vt 0.415559 -0.218674
vt 0.415559 -0.087956
vt 0.416241 -0.063955
vt 0.416293 -0.063950
vt 0.405445 -0.098327
vt 0.405445 -0.210704
vt 0.415559 -0.210704
vt 0.415559 -0.098327
vt 0.559587 -0.299301
vt 0.533897 -0.310062
vt 0.559587 -0.310062
vt 0.405445 -0.210704
vt 0.405445 -0.098327
vt 0.415559 -0.098327
vt 0.415559 -0.210704
vt 0.418958 -0.098708
vt 0.411624 -0.098747
vt 0.411624 -0.098626
vt 0.418970 -0.098626
vt 0.852331 -0.544419
vt 0.884990 -0.544419
vt 0.884990 -0.347594
vt 0.852331 -0.347594
vt 0.572912 -0.957333
vt 0.618586 -0.957332
vt 0.615810 -0.959327
vt 0.575699 -0.959327
vt 0.618562 -0.964193
vt 0.615810 -0.963141
vt 0.968489 -0.301130
vt 0.968489 -0.111558
vt 0.932578 -0.107932
vt 0.932578 -0.304756
vt 0.968489 -0.264120
vt 0.968489 -0.283420
vt 0.932578 -0.290098
vt 0.932578 -0.257438
vt 0.968489 -0.111558
vt 0.968489 -0.301130
vt 0.932578 -0.304756
vt 0.932578 -0.107932
vt 0.968489 -0.283420
vt 0.968489 -0.264120
vt 0.932578 -0.257438
vt 0.932578 -0.290098
vt 0.329326 -0.063965
vt 0.329326 -0.087990
vt 0.293182 -0.063965
vt 0.293182 -0.004639
vt 0.452857 -0.004639
vt 0.452857 -0.052239
vt 0.293182 -0.052239
vt 0.416281 -0.063965
vt 0.452857 -0.063965
vt 0.417391 -0.028681
vt 0.452496 -0.028681
vt 0.447319 -0.036800
vt 0.417391 -0.033717
vt 0.351724 -0.043437
vt 0.351724 -0.050208
vt 0.346393 -0.043437
vt 0.346393 -0.036686
vt 0.298511 -0.052239
vt 0.452857 -0.052239
vt 0.452857 -0.063965
vt 0.298511 -0.063965
vt 0.612535 -0.274239
vt 0.889458 -0.274239
vt 0.452859 -0.274239
vt 0.452859 -0.256052
vt 0.293182 -0.256052
vt 0.293182 -0.274239
vt 0.030378 -0.256060
vt 0.040495 -0.274247
vt 0.037093 -0.274247
vt 0.635302 -0.274228
vt 0.638652 -0.274228
vt 0.612535 -0.274239
vt 0.612535 -0.256052
vt 0.783032 -0.820620
vt 0.778618 -0.820620
vt 0.778618 -0.997601
vt 0.783032 -0.997601
vt 0.665177 -0.306359
vt 0.665177 -0.313168
vt 0.648484 -0.302939
vt 0.648484 -0.298968
vt 0.970491 -0.667518
vt 0.848899 -0.667518
vt 0.848899 -0.736285
vt 0.970491 -0.736285
vt 0.957883 -0.805225
vt 0.957883 -0.742362
vt 0.845599 -0.742362
vt 0.845599 -0.805225
vt 0.293182 -0.832594
vt 0.002288 -0.832594
vt 0.011784 -0.804209
vt 0.293182 -0.804209
vt 0.293182 -0.804209
vt 0.011784 -0.804209
vt 0.011784 -0.767481
vt 0.293182 -0.767481
vt 0.293182 -0.767481
vt 0.011784 -0.767481
vt 0.011784 -0.760821
vt 0.293182 -0.760821
vt 0.293182 -0.747777
vt 0.261596 -0.747777
vt 0.293182 -0.536236
vt 0.300785 -0.557319
vt 0.261322 -0.536236
vt 0.113165 -0.579481
vt 0.198517 -0.579481
vt 0.205486 -0.592054
vt 0.105261 -0.592054
vt 0.227082 -0.747777
vt 0.231122 -0.741707
vt 0.257544 -0.741707
vt 0.261596 -0.747777
vt 0.257544 -0.741707
vt 0.265701 -0.741707
vt 0.048000 -0.747777
vt 0.052566 -0.741707
vt 0.078572 -0.741707
vt 0.082629 -0.747777
vt 0.016259 -0.747777
vt 0.020865 -0.741707
vt 0.044344 -0.741707
vt 0.113165 -0.715371
vt 0.198517 -0.715371
vt 0.212064 -0.739856
vt 0.101617 -0.739856
vt 0.189506 -0.592054
vt 0.189506 -0.701356
vt 0.122424 -0.701356
vt 0.122424 -0.592054
vt 0.265701 -0.741707
vt 0.288252 -0.741707
vt 0.231122 -0.574244
vt 0.257544 -0.574244
vt 0.052566 -0.574244
vt 0.078572 -0.574244
vt 0.020865 -0.574244
vt 0.044344 -0.574244
vt 0.265701 -0.574244
vt 0.288252 -0.574244
vt 0.225904 -0.569223
vt 0.261464 -0.569223
vt 0.048218 -0.569223
vt 0.083622 -0.569223
vt 0.016259 -0.569223
vt 0.293182 -0.569223
vt 0.226550 -0.274239
vt 0.293182 -0.274239
vt 0.261482 -0.287445
vt 0.226550 -0.287422
vt 0.225904 -0.557319
vt 0.083622 -0.557319
vt 0.083622 -0.536236
vt 0.225904 -0.536236
vt 0.016259 -0.557319
vt 0.016259 -0.536236
vt 0.048291 -0.536236
vt 0.083622 -0.557319
vt 0.048250 -0.536214
vt 0.020665 -0.529328
vt 0.044344 -0.529328
vt 0.265701 -0.529328
vt 0.288700 -0.529328
vt 0.225904 -0.536236
vt 0.231122 -0.529328
vt 0.257544 -0.529328
vt 0.083622 -0.536236
vt 0.052597 -0.529317
vt 0.078572 -0.529328
vt 0.044344 -0.292160
vt 0.020665 -0.292160
vt 0.016259 -0.287422
vt 0.048410 -0.287422
vt 0.257544 -0.292160
vt 0.231122 -0.292160
vt 0.078572 -0.292160
vt 0.052597 -0.292149
vt 0.082185 -0.287422
vt 0.265701 -0.292160
vt 0.288700 -0.292160
vt 0.213400 -0.274252
vt 0.213400 -0.287573
vt 0.092600 -0.287573
vt 0.092600 -0.274252
vt 0.635517 -0.528708
vt 0.633247 -0.528708
vt 0.630074 -0.296657
vt 0.635517 -0.296657
vt 0.209069 -0.314670
vt 0.097535 -0.314670
vt 0.097535 -0.292843
vt 0.209069 -0.292843
vt 0.089008 -0.329670
vt 0.216837 -0.329670
vt 0.212064 -0.739856
vt 0.198517 -0.715371
vt 0.198517 -0.592054
vt 0.205486 -0.592054
vt 0.265701 -0.292160
vt 0.257544 -0.292160
vt 0.261482 -0.287445
vt 0.293182 -0.287422
vt 0.033424 -0.715373
vt 0.035505 -0.592056
vt 0.030294 -0.592056
vt 0.030294 -0.715373
vt 0.030294 -0.592056
vt 0.035505 -0.592056
vt 0.035505 -0.715373
vt 0.030294 -0.592056
vt 0.030294 -0.701358
vt 0.035505 -0.701358
vt 0.035505 -0.592056
vt 0.245755 -0.396601
vt 0.245755 -0.463684
vt 0.240546 -0.463684
vt 0.240546 -0.396601
vt 0.030294 -0.701358
vt 0.030294 -0.592056
vt 0.035505 -0.592056
vt 0.035505 -0.701358
vt 0.030294 -0.739858
vt 0.044101 -0.739858
vt 0.556215 -0.981837
vt 0.631788 -0.981837
vt 0.631788 -0.990660
vt 0.556215 -0.990660
vt 0.030294 -0.739858
vt 0.044101 -0.739858
vt 0.196015 -0.592056
vt 0.196015 -0.579482
vt 0.205788 -0.592056
vt 0.196015 -0.592056
vt 0.205788 -0.592056
vt 0.196015 -0.579482
vt 0.560717 -0.981837
vt 0.565485 -0.981837
vt 0.565485 -0.985166
vt 0.560717 -0.988083
vt 0.500712 -0.981837
vt 0.693255 -0.981837
vt 0.693255 -0.989696
vt 0.500712 -0.985381
vt 0.030378 -0.747784
vt 0.030378 -0.741714
vt 0.033152 -0.741714
vt 0.037093 -0.747784
vt 0.031901 -0.574246
vt 0.033069 -0.741708
vt 0.030294 -0.741708
vt 0.030294 -0.569225
vt 0.037010 -0.569225
vt 0.023542 -0.557321
vt 0.023542 -0.569225
vt 0.037010 -0.569225
vt 0.037010 -0.557321
vt 0.023542 -0.574246
vt 0.033069 -0.574246
vt 0.023542 -0.741708
vt 0.033069 -0.741708
vt 0.023542 -0.747779
vt 0.030257 -0.747779
vt 0.030378 -0.747784
vt 0.030378 -0.741714
vt 0.033152 -0.741714
vt 0.037093 -0.747784
vt 0.030294 -0.741708
vt 0.030294 -0.574246
vt 0.033069 -0.574246
vt 0.033069 -0.741708
vt 0.030378 -0.574252
vt 0.030378 -0.569230
vt 0.037093 -0.569230
vt 0.033152 -0.574252
vt 0.030294 -0.569225
vt 0.030294 -0.557321
vt 0.037010 -0.557321
vt 0.037010 -0.569225
vt 0.031667 -0.574246
vt 0.031999 -0.741708
vt 0.030294 -0.747779
vt 0.037010 -0.747779
vt 0.030378 -0.747784
vt 0.030378 -0.741714
vt 0.033152 -0.741714
vt 0.037093 -0.747784
vt 0.031900 -0.574246
vt 0.033069 -0.741708
vt 0.030294 -0.741708
vt 0.030294 -0.569225
vt 0.037010 -0.569225
vt 0.030294 -0.557321
vt 0.030294 -0.569225
vt 0.037010 -0.569225
vt 0.037010 -0.557321
vt 0.031788 -0.574246
vt 0.031879 -0.741708
vt 0.030294 -0.747779
vt 0.037010 -0.747779
vt 0.030378 -0.747784
vt 0.030378 -0.741714
vt 0.033152 -0.741714
vt 0.037093 -0.747784
vt 0.030294 -0.741708
vt 0.030294 -0.574246
vt 0.033069 -0.574246
vt 0.033069 -0.741708
vt 0.030378 -0.574252
vt 0.030378 -0.569230
vt 0.037093 -0.569230
vt 0.033152 -0.574252
vt 0.030294 -0.569225
vt 0.030294 -0.536238
vt 0.037010 -0.557321
vt 0.037010 -0.569225
vt 0.031666 -0.574246
vt 0.032001 -0.741708
vt 0.030294 -0.747779
vt 0.037010 -0.747779
vt 0.644101 -0.981837
vt 0.644101 -0.986128
vt 0.546746 -0.986128
vt 0.546746 -0.981837
vt 0.038977 -0.557321
vt 0.030294 -0.536238
vt 0.037010 -0.536238
vt 0.044910 -0.557321
vt 0.023542 -0.536238
vt 0.032225 -0.557321
vt 0.044910 -0.557321
vt 0.037010 -0.536238
vt 0.500712 -0.977521
vt 0.500712 -0.986128
vt 0.495510 -0.991178
vt 0.495510 -0.983071
vt 0.030294 -0.536238
vt 0.038977 -0.557321
vt 0.044910 -0.557321
vt 0.037010 -0.536238
vt 0.030294 -0.274241
vt 0.030294 -0.287424
vt 0.037010 -0.287424
vt 0.037010 -0.274241
vt 0.031895 -0.292162
vt 0.031558 -0.529330
vt 0.031775 -0.529330
vt 0.037010 -0.536238
vt 0.032053 -0.292162
vt 0.030294 -0.287424
vt 0.037010 -0.287424
vt 0.030294 -0.256054
vt 0.037010 -0.274241
vt 0.023542 -0.274241
vt 0.023542 -0.287424
vt 0.033659 -0.274241
vt 0.023542 -0.292162
vt 0.033069 -0.292162
vt 0.037010 -0.287424
vt 0.023542 -0.529330
vt 0.033069 -0.529330
vt 0.031668 -0.529330
vt 0.037010 -0.536238
vt 0.030294 -0.536238
vt 0.030294 -0.292162
vt 0.033069 -0.292162
vt 0.030378 -0.292167
vt 0.030378 -0.287451
vt 0.037093 -0.287451
vt 0.033152 -0.292167
vt 0.031513 -0.292162
vt 0.037010 -0.287446
vt 0.030294 -0.287446
vt 0.030294 -0.529330
vt 0.033069 -0.529330
vt 0.030378 -0.529334
vt 0.030378 -0.536243
vt 0.037093 -0.536243
vt 0.033152 -0.529334
vt 0.031674 -0.529330
vt 0.032025 -0.292162
vt 0.030294 -0.287424
vt 0.037010 -0.287424
vt 0.030294 -0.274241
vt 0.037010 -0.274241
vt 0.030294 -0.274241
vt 0.030294 -0.287565
vt 0.037010 -0.287565
vt 0.037010 -0.274241
vt 0.031785 -0.292729
vt 0.030294 -0.314755
vt 0.033062 -0.314742
vt 0.100119 -0.314717
vt 0.100119 -0.329589
vt 0.090312 -0.329589
vt 0.097369 -0.314717
vt 0.100119 -0.329589
vt 0.100119 -0.314717
vt 0.097369 -0.314717
vt 0.090312 -0.329589
vt 0.032042 -0.292880
vt 0.033069 -0.314621
vt 0.030294 -0.314621
vt 0.030294 -0.287565
vt 0.037010 -0.287565
vt 0.030294 -0.274241
vt 0.037010 -0.274241
vt 0.037010 -0.329668
vt 0.037010 -0.333681
vt 0.030294 -0.329668
vt 0.036943 -0.333718
vt 0.037010 -0.329668
vt 0.030294 -0.329668
vt 0.031841 -0.337790
vt 0.030294 -0.492231
vt 0.033057 -0.492197
vt 0.551561 -0.961516
vt 0.597491 -0.961516
vt 0.597491 -0.965808
vt 0.551561 -0.965808
vt 0.641626 -0.961516
vt 0.641626 -0.965808
vt 0.031944 -0.337853
vt 0.033069 -0.492285
vt 0.030294 -0.492285
vt 0.293182 -0.274239
vt 0.016258 -0.274239
vt 0.016258 -0.256053
vt 0.293182 -0.256053
vt 0.245755 -0.501259
vt 0.239040 -0.501259
vt 0.239040 -0.356807
vt 0.245755 -0.356807
vt 0.225904 -0.557319
vt 0.293182 -0.557319
vt 0.083622 -0.557319
vt 0.048000 -0.747777
vt 0.044344 -0.741707
vt 0.052566 -0.741707
vt 0.640464 -0.981837
vt 0.640464 -0.988159
vt 0.637304 -0.986128
vt 0.637304 -0.981837
vt 0.645084 -0.981837
vt 0.645084 -0.986128
vt 0.638006 -0.986128
vt 0.638006 -0.981837
vt 0.555336 -0.981837
vt 0.555336 -0.986128
vt 0.546304 -0.986128
vt 0.546304 -0.981837
vt 0.500712 -0.988302
vt 0.500712 -0.986128
vt 0.052597 -0.292149
vt 0.044344 -0.292160
vt 0.048410 -0.287422
vt 0.031669 -0.529319
vt 0.037010 -0.536215
vt 0.030294 -0.536215
vt 0.030294 -0.292151
vt 0.033069 -0.292151
vt 0.030378 -0.292156
vt 0.030378 -0.287429
vt 0.037093 -0.287429
vt 0.033152 -0.292156
vt 0.031669 -0.292162
vt 0.037010 -0.287424
vt 0.030294 -0.287424
vt 0.031876 -0.529330
vt 0.016259 -0.274239
vt 0.082185 -0.274239
vt 0.452858 -0.832594
vt 0.293182 -0.832594
vt 0.293182 -0.804209
vt 0.452858 -0.804209
vt 0.452858 -0.804209
vt 0.293182 -0.804209
vt 0.293182 -0.767481
vt 0.452858 -0.767481
vt 0.452858 -0.767481
vt 0.293182 -0.767481
vt 0.293182 -0.760821
vt 0.612533 -0.760821
vt 0.452858 -0.557319
vt 0.300785 -0.557319
vt 0.293182 -0.536236
vt 0.452858 -0.536236
vt 0.635501 -0.528708
vt 0.635501 -0.660382
vt 0.632327 -0.528708
vt 0.437560 -0.506495
vt 0.452860 -0.536235
vt 0.370483 -0.534354
vt 0.323029 -0.592054
vt 0.319386 -0.739856
vt 0.293182 -0.747777
vt 0.293182 -0.569223
vt 0.026422 -0.715373
vt 0.028752 -0.592056
vt 0.023542 -0.592056
vt 0.023542 -0.715373
vt 0.023542 -0.592056
vt 0.028752 -0.592056
vt 0.028752 -0.715373
vt 0.023542 -0.739858
vt 0.037350 -0.739858
vt 0.556881 -0.961516
vt 0.632453 -0.961516
vt 0.632453 -0.970340
vt 0.556881 -0.970340
vt 0.023542 -0.739858
vt 0.037350 -0.739858
vt 0.116522 -0.592056
vt 0.116522 -0.579482
vt 0.106749 -0.592056
vt 0.116522 -0.592056
vt 0.106749 -0.592056
vt 0.116522 -0.579482
vt 0.541126 -0.961516
vt 0.650383 -0.965831
vt 0.650383 -0.969376
vt 0.541126 -0.969376
vt 0.541126 -0.961516
vt 0.650383 -0.961516
vt 0.645180 -0.967065
vt 0.541126 -0.967065
vt 0.452857 -0.274239
vt 0.293182 -0.274239
vt 0.541126 -0.961516
vt 0.556001 -0.961516
vt 0.556001 -0.965808
vt 0.541126 -0.967982
vt 0.293182 -0.747777
vt 0.452858 -0.747777
vt 0.239084 -0.515827
vt 0.239084 -0.356151
vt 0.245800 -0.356151
vt 0.245800 -0.515827
vt 0.041872 -0.804210
vt 0.035121 -0.804210
vt 0.047689 -0.832596
vt 0.054441 -0.832596
vt 0.058226 -0.767483
vt 0.058226 -0.804210
vt 0.064977 -0.804210
vt 0.064977 -0.767483
vt 0.042592 -0.760823
vt 0.035840 -0.760823
vt 0.035840 -0.767483
vt 0.042592 -0.767483
vt 0.288252 -0.741707
vt 0.288252 -0.574244
vt 0.288701 -0.529327
vt 0.288701 -0.292157
vt 0.293182 -0.287419
vt 0.293182 -0.536235
vt 0.274421 -0.256051
vt 0.281137 -0.274238
vt 0.284538 -0.274238
vt 0.650383 -0.961516
vt 0.500712 -0.989696
vt 0.630058 -0.660382
vt 0.630058 -0.528708
vt 0.630074 -0.528708
vt 0.037010 -0.747779
vt 0.293182 -0.557319
vt 0.330933 -0.579481
vt 0.423254 -0.592054
vt 0.416285 -0.579481
vt 0.452858 -0.557319
vt 0.416285 -0.715371
vt 0.416285 -0.592054
vt 0.429833 -0.739856
vt 0.225904 -0.557319
vt 0.306705 -0.329664
vt 0.037010 -0.274241
vt 0.277787 -0.274238
vt 0.267670 -0.256051
vt 0.612533 -0.832594
vt 0.612533 -0.804209
vt 0.612533 -0.804209
vt 0.612533 -0.767481
vt 0.612533 -0.767481
vt 0.612533 -0.557319
vt 0.612533 -0.536236
vt 0.635501 -0.792057
vt 0.630058 -0.792057
vt 0.597238 -0.506495
vt 0.612537 -0.536235
vt 0.530160 -0.534354
vt 0.026422 -0.715373
vt 0.028752 -0.592056
vt 0.023542 -0.592056
vt 0.023542 -0.715373
vt 0.023542 -0.592056
vt 0.028752 -0.592056
vt 0.028752 -0.715373
vt 0.023542 -0.739858
vt 0.037350 -0.739858
vt 0.556062 -0.961516
vt 0.631635 -0.961516
vt 0.631635 -0.970340
vt 0.556062 -0.970340
vt 0.023542 -0.739858
vt 0.037350 -0.739858
vt 0.116522 -0.592056
vt 0.116522 -0.579482
vt 0.106749 -0.592056
vt 0.116522 -0.592056
vt 0.106749 -0.592056
vt 0.116522 -0.579482
vt 0.540308 -0.961516
vt 0.649564 -0.961516
vt 0.649564 -0.969376
vt 0.540308 -0.969376
vt 0.540308 -0.961516
vt 0.649564 -0.961516
vt 0.649564 -0.967065
vt 0.540308 -0.967065
vt 0.612533 -0.274239
vt 0.612533 -0.256053
vt 0.540308 -0.961516
vt 0.555183 -0.961516
vt 0.555183 -0.965808
vt 0.540308 -0.967982
vt 0.612533 -0.747777
vt 0.239084 -0.513402
vt 0.239084 -0.353726
vt 0.245800 -0.353726
vt 0.245800 -0.513402
vt 0.575962 -0.715371
vt 0.575962 -0.592054
vt 0.582929 -0.592054
vt 0.589509 -0.739856
vt 0.452860 -0.274236
vt 0.466383 -0.329664
vt 0.612534 -0.274239
vt 0.452858 -0.274239
vt 0.452858 -0.256052
vt 0.612534 -0.256052
vt 0.016259 -0.287422
vt 0.020665 -0.292160
vt 0.020665 -0.529328
vt 0.016259 -0.536236
vt 0.020865 -0.741707
vt 0.016259 -0.747777
vt 0.016259 -0.569223
vt 0.020865 -0.574244
vt 0.077797 -0.804278
vt 0.090366 -0.832664
vt 0.066219 -0.804278
vt 0.078517 -0.760891
vt 0.078517 -0.767550
vt 0.066219 -0.767550
vt 0.066219 -0.747846
vt 0.072934 -0.747846
vt 0.145295 -0.289515
vt 0.145295 -0.318398
vt 0.102268 -0.318398
vt 0.102268 -0.289515
vt 0.017015 -0.767550
vt 0.017015 -0.747846
vt 0.649323 -0.309699
vt 0.670042 -0.309699
vt 0.834381 -0.795150
vt 0.649323 -0.795150
vt 0.694663 -0.342198
vt 0.812596 -0.309699
vt 0.694663 -0.309699
vt 0.783032 -0.819274
vt 0.778618 -0.827696
vt 0.735074 -0.827696
vt 0.735074 -0.819274
vt 0.783032 -0.994640
vt 0.778618 -0.845391
vt 0.650270 -0.342198
vt 0.790874 -0.559751
vt 0.688491 -0.795150
vt 0.650270 -0.795150
vt 0.488682 -0.860907
vt 0.532579 -0.860907
vt 0.532579 -0.842152
vt 0.488682 -0.842152
vt 0.758263 -0.346551
vt 0.758263 -0.361458
vt 0.728866 -0.361458
vt 0.728866 -0.346551
vt 0.790846 -0.559769
vt 0.752626 -0.559769
vt 0.650243 -0.795167
vt 0.688463 -0.795167
vt 0.516554 -0.838988
vt 0.516554 -0.997216
vt 0.782483 -0.997216
vt 0.782483 -0.838988
vt 0.516554 -0.985085
vt 0.516554 -0.883036
vt 0.782484 -0.957969
vt 0.782484 -0.985085
vt 0.782483 -0.887217
vt 0.782483 -0.989266
vt 0.516554 -0.989266
vt 0.516554 -0.887217
vt 0.516554 -0.883241
vt 0.516554 -0.985290
vt 0.782483 -0.910357
vt 0.782483 -0.883241
vt 0.782491 -0.859031
vt 0.782491 -0.840277
vt 0.516562 -0.840277
vt 0.516562 -0.859031
vt 0.688463 -0.342215
vt 0.650243 -0.298226
vt 0.778618 -0.845386
vt 0.778618 -0.994640
vt 0.488444 -0.994640
vt 0.488444 -0.845386
vt 0.778618 -0.993467
vt 0.778618 -0.891418
vt 0.488444 -0.891418
vt 0.488444 -0.993467
vt 0.778618 -0.994486
vt 0.778618 -0.892437
vt 0.488444 -0.892437
vt 0.488444 -0.994486
vt 0.488444 -0.894330
vt 0.488444 -0.996378
vt 0.778618 -0.996378
vt 0.778618 -0.894330
vt 0.778155 -0.860907
vt 0.778155 -0.842152
vt 0.488861 -0.997483
vt 0.488861 -0.895433
vt 0.754790 -0.895433
vt 0.754790 -0.997483
vt 0.488444 -0.995301
vt 0.488444 -0.893252
vt 0.778618 -0.893252
vt 0.778618 -0.995301
vt 0.754969 -0.895259
vt 0.754969 -0.997309
vt 0.489039 -0.922375
vt 0.489039 -0.895259
vt 0.778618 -0.895386
vt 0.778618 -0.997436
vt 0.488444 -0.997436
vt 0.488444 -0.895386
vt 0.754790 -0.997526
vt 0.754790 -0.838386
vt 0.488861 -0.838386
vt 0.488861 -0.997526
vt 0.737512 -0.838461
vt 0.488444 -0.838461
vt 0.488444 -0.997601
vt 0.516932 -0.993562
vt 0.782861 -0.993562
vt 0.782861 -0.975720
vt 0.516932 -0.975720
vt 0.747232 -0.846490
vt 0.747232 -0.863320
vt 0.498766 -0.863320
vt 0.498766 -0.846490
vt 0.766305 -0.560656
vt 0.640104 -0.795199
vt 0.663923 -0.796055
vt 0.735331 -0.343751
vt 0.735331 -0.357933
vt 0.753652 -0.357933
vt 0.753652 -0.343751
vt 0.650243 -0.795168
vt 0.752626 -0.559769
vt 0.776445 -0.560624
vt 0.674062 -0.796022
vt 0.664746 -0.335277
vt 0.688566 -0.336132
vt 0.740608 -0.361530
vt 0.740608 -0.347348
vt 0.758928 -0.347348
vt 0.758928 -0.361530
vt 0.678427 -0.336163
vt 0.654608 -0.335308
vt 0.737512 -0.820620
vt 0.068815 -0.004639
vt 0.240625 -0.004639
vt 0.240625 -0.203495
vt 0.068815 -0.203495
vt 0.293182 -0.052239
vt 0.240625 -0.052239
vt 0.240625 -0.004639
vt 0.293182 -0.004639
vt 0.068815 -0.203495
vt 0.240625 -0.203495
vt 0.016258 -0.063965
vt 0.068815 -0.063965
vt 0.293182 -0.063965
vt 0.240625 -0.063965
vt 0.016258 -0.052239
vt 0.068815 -0.052239
vt 0.068815 -0.063965
vt 0.016258 -0.063965
vt 0.016258 -0.004639
vt 0.068815 -0.004639
vt 0.068815 -0.052239
vt 0.016258 -0.052239
vt 0.891866 -0.063871
vt 0.891866 -0.052255
vt 0.884996 -0.052255
vt 0.884996 -0.063871
vt 0.016333 -0.040712
vt 0.068891 -0.040712
vt 0.068891 -0.047484
vt 0.016333 -0.047484
vt 0.891866 -0.052255
vt 0.891866 -0.064152
vt 0.884996 -0.064152
vt 0.884996 -0.052255
vt 0.068920 -0.028828
vt 0.016363 -0.028828
vt 0.016363 -0.035599
vt 0.068920 -0.035599
vt 0.891866 -0.064152
vt 0.891866 -0.052255
vt 0.884996 -0.052255
vt 0.884996 -0.064152
vt 0.274421 -0.052237
vt 0.274421 -0.063963
vt 0.281193 -0.063963
vt 0.281193 -0.052237
vt 0.891866 -0.003957
vt 0.923950 -0.003957
vt 0.924142 -0.244332
vt 0.924142 -0.070008
vt 0.892057 -0.070008
vt 0.892057 -0.244332
vt 0.891866 -0.205725
vt 0.923950 -0.205725
vt 0.274421 -0.063963
vt 0.267670 -0.063963
vt 0.269610 -0.004637
vt 0.267670 -0.052237
vt 0.274421 -0.052237
vt 0.298511 -0.063965
vt 0.240625 -0.063965
vt 0.240625 -0.052239
vt 0.298511 -0.052239
vt 0.481118 -0.834704
vt 0.481118 -0.865757
vt 0.001643 -0.834704
vt 0.549962 -0.933181
vt 0.524679 -0.936909
vt 0.524809 -0.933917
vt 0.762917 -0.947142
vt 0.632674 -0.948266
vt 0.632674 -0.945274
vt 0.492614 -0.996715
vt 0.492292 -0.850734
vt 0.522040 -0.850734
vt 0.536339 -0.850734
vt 0.568377 -0.850734
vt 0.603952 -0.996715
vt 0.601458 -0.850734
vt 0.635078 -0.850734
vt 0.668697 -0.850734
vt 0.690760 -0.996715
vt 0.701779 -0.850734
vt 0.733817 -0.850734
vt 0.777481 -0.996715
vt 0.748116 -0.850734
vt 0.777864 -0.850734
vt 0.762917 -0.940917
vt 0.632674 -0.942204
vt 0.632674 -0.939212
vt 0.781403 -0.847503
vt 0.750123 -0.847503
vt 0.695213 -0.995868
vt 0.735068 -0.847503
vt 0.702962 -0.847503
vt 0.669809 -0.847503
vt 0.636128 -0.847503
vt 0.613673 -0.995868
vt 0.602447 -0.847503
vt 0.569294 -0.847503
vt 0.533531 -0.995868
vt 0.537188 -0.847503
vt 0.522132 -0.847503
vt 0.490853 -0.847503
vt 0.240988 -0.975631
vt 0.325907 -0.975631
vt 0.240988 -0.998716
vt 0.995947 -0.814636
vt 0.786069 -0.814636
vt 0.786069 -0.941102
vt 0.995947 -0.941102
vt 0.669308 -0.413419
vt 0.658613 -0.413419
vt 0.760007 -0.599466
vt 0.760007 -0.503815
vt 0.752631 -0.503815
vt 0.752631 -0.599466
vt 0.683786 -0.384542
vt 0.737881 -0.384542
vt 0.737881 -0.391917
vt 0.683786 -0.391917
vt 0.760007 -0.503815
vt 0.760007 -0.599466
vt 0.752631 -0.599466
vt 0.752631 -0.503815
vt 0.737881 -0.384542
vt 0.683786 -0.384542
vt 0.683786 -0.391917
vt 0.737881 -0.391917
vt 0.797150 -0.384542
vt 0.747699 -0.384542
vt 0.747699 -0.391917
vt 0.797150 -0.391917
vt 0.760007 -0.595805
vt 0.760007 -0.507476
vt 0.752631 -0.507476
vt 0.752631 -0.595805
vt 0.747699 -0.384542
vt 0.797150 -0.384542
vt 0.797150 -0.391917
vt 0.747699 -0.391917
vt 0.785378 -0.508264
vt 0.813039 -0.309703
vt 0.834827 -0.309703
vt 0.834829 -0.508264
vt 0.654608 -0.335309
vt 0.834372 -0.508260
vt 0.743745 -0.504599
vt 0.743745 -0.600251
vt 0.834372 -0.596589
vt 0.834372 -0.795150
vt 0.689650 -0.504599
vt 0.670035 -0.309699
vt 0.649315 -0.309699
vt 0.689650 -0.600251
vt 0.649315 -0.552037
vt 0.649315 -0.795150
vt 0.785378 -0.596593
vt 0.834829 -0.596593
vt 0.834829 -0.795155
vt 0.639086 -0.795153
vt 0.639086 -0.298213
vt 0.834372 -0.309699
vt 0.752631 -0.595805
vt 0.752631 -0.507476
vt 0.760007 -0.507476
vt 0.760007 -0.595805
vt 0.644101 -0.987385
vt 0.690193 -0.986128
vt 0.690193 -0.991178
vt 0.984506 -0.060617
vt 0.981005 -0.049469
vt 0.986296 -0.049469
vt 0.979212 -0.060391
vt 0.975669 -0.061148
vt 0.975669 -0.049469
vt 0.991615 -0.061755
vt 0.991833 -0.049469
vt 0.996922 -0.049469
vt 0.996922 -0.061148
vt 0.975675 -0.083666
vt 0.975658 -0.063537
vt 0.980953 -0.063312
vt 0.980968 -0.083398
vt 0.993386 -0.082104
vt 0.993370 -0.062781
vt 0.996912 -0.063537
vt 0.996928 -0.083666
vt 0.988075 -0.081047
vt 0.988062 -0.062173
vt 0.979054 -0.093316
vt 0.979048 -0.085775
vt 0.984341 -0.086043
vt 0.984331 -0.093547
vt 0.975512 -0.094919
vt 0.975506 -0.087338
vt 0.991488 -0.095968
vt 0.991449 -0.088394
vt 0.996760 -0.087338
vt 0.996766 -0.094919
vt 0.975870 -0.589182
vt 0.975760 -0.005064
vt 0.981037 -0.004832
vt 0.981170 -0.589929
vt 0.993582 -0.589714
vt 0.993471 -0.003460
vt 0.997014 -0.005064
vt 0.997125 -0.589182
vt 0.988264 -0.590731
vt 0.988194 -0.002411
vt 0.976029 -0.495827
vt 0.976028 -0.469308
vt 0.981349 -0.468503
vt 0.981375 -0.495004
vt 0.993750 -0.495140
vt 0.993749 -0.468643
vt 0.997284 -0.469308
vt 0.997285 -0.495827
vt 0.988417 -0.493975
vt 0.988440 -0.467499
vt 0.984899 -0.293295
vt 0.988444 -0.305341
vt 0.981355 -0.305341
vt 0.979575 -0.292533
vt 0.976032 -0.305341
vt 0.976032 -0.293085
vt 0.993743 -0.305341
vt 0.991943 -0.294123
vt 0.997285 -0.293085
vt 0.997285 -0.305341
vt 0.982825 -0.140625
vt 0.981055 -0.137694
vt 0.988177 -0.137694
vt 0.986383 -0.140625
vt 0.979266 -0.140625
vt 0.975707 -0.140625
vt 0.975707 -0.137694
vt 0.993501 -0.140625
vt 0.993501 -0.137694
vt 0.997060 -0.137694
vt 0.997060 -0.140625
vt 0.989943 -0.140625
vt 0.982930 -0.118889
vt 0.982930 -0.116677
vt 0.986455 -0.116677
vt 0.986455 -0.118889
vt 0.979406 -0.118889
vt 0.979406 -0.116677
vt 0.975882 -0.118889
vt 0.975882 -0.116677
vt 0.993502 -0.118889
vt 0.993502 -0.116677
vt 0.997027 -0.116677
vt 0.997027 -0.118889
vt 0.989978 -0.118889
vt 0.989978 -0.116677
vt 0.950743 -0.095928
vt 0.936076 -0.081580
vt 0.965227 -0.081580
vt 0.752472 -0.861126
vt 0.752472 -0.861129
vt 0.752472 -0.861130
vt 0.752472 -0.861124
vt 0.752472 -0.861129
vt 0.752472 -0.861126
vt 0.984517 -0.060619
vt 0.980987 -0.049469
vt 0.986296 -0.049469
vt 0.979212 -0.060391
vt 0.975669 -0.061148
vt 0.975669 -0.049469
vt 0.991610 -0.061755
vt 0.991844 -0.049469
vt 0.996922 -0.049469
vt 0.996922 -0.061148
vt 0.975675 -0.083666
vt 0.975658 -0.063537
vt 0.980964 -0.063310
vt 0.980999 -0.083388
vt 0.993386 -0.082104
vt 0.993370 -0.062781
vt 0.996912 -0.063537
vt 0.996928 -0.083666
vt 0.988034 -0.081051
vt 0.988058 -0.062173
vt 0.979054 -0.093316
vt 0.979048 -0.085775
vt 0.984372 -0.086054
vt 0.984338 -0.093550
vt 0.975512 -0.094919
vt 0.975506 -0.087338
vt 0.991484 -0.095968
vt 0.991408 -0.088390
vt 0.996760 -0.087338
vt 0.996766 -0.094919
vt 0.975870 -0.589182
vt 0.975760 -0.005064
vt 0.981044 -0.004830
vt 0.981172 -0.589930
vt 0.993582 -0.589714
vt 0.993471 -0.003460
vt 0.997014 -0.005064
vt 0.997125 -0.589182
vt 0.988270 -0.590730
vt 0.988190 -0.002411
vt 0.976029 -0.495827
vt 0.976028 -0.469308
vt 0.981351 -0.468502
vt 0.981371 -0.495005
vt 0.993750 -0.495140
vt 0.993749 -0.468643
vt 0.997284 -0.469308
vt 0.997285 -0.495827
vt 0.988485 -0.493981
vt 0.988445 -0.467499
vt 0.984894 -0.293294
vt 0.988444 -0.305341
vt 0.981355 -0.305341
vt 0.979575 -0.292533
vt 0.976032 -0.305341
vt 0.976032 -0.293085
vt 0.993743 -0.305341
vt 0.992011 -0.294117
vt 0.997285 -0.293085
vt 0.997285 -0.305341
vt 0.982825 -0.140625
vt 0.981055 -0.137694
vt 0.988177 -0.137694
vt 0.986383 -0.140625
vt 0.979266 -0.140625
vt 0.975707 -0.140625
vt 0.975707 -0.137694
vt 0.993501 -0.140625
vt 0.993501 -0.137694
vt 0.997060 -0.137694
vt 0.997060 -0.140625
vt 0.989943 -0.140625
vt 0.982930 -0.118889
vt 0.982930 -0.116677
vt 0.986455 -0.116677
vt 0.986455 -0.118889
vt 0.979406 -0.118889
vt 0.979406 -0.116677
vt 0.975882 -0.118889
vt 0.975882 -0.116677
vt 0.993502 -0.118889
vt 0.993502 -0.116677
vt 0.997027 -0.116677
vt 0.997027 -0.118889
vt 0.989978 -0.118889
vt 0.989978 -0.116677
vt 0.752863 -0.861130
vt 0.752864 -0.861129
vt 0.752864 -0.861131
vt 0.752472 -0.861126
vt 0.752472 -0.861129
vt 0.752472 -0.861130
vt 0.752472 -0.861124
vt 0.752472 -0.861129
vt 0.752472 -0.861126
vt 0.907901 -0.308421
vt 0.947486 -0.308421
vt 0.971521 -0.402806
vt 0.887129 -0.402806
vt 0.947486 -0.308438
vt 0.907901 -0.308438
vt 0.887129 -0.402821
vt 0.971516 -0.402821
vt 0.947486 -0.308421
vt 0.907901 -0.308421
vt 0.887129 -0.402806
vt 0.971521 -0.402806
vt 0.907901 -0.308438
vt 0.947486 -0.308438
vt 0.971516 -0.402821
vt 0.887129 -0.402821
vt 0.900556 -0.249316
vt 0.928788 -0.249316
vt 0.928788 -0.278226
vt 0.900556 -0.278226
vt 0.838979 -0.335124
vt 0.896140 -0.335124
vt 0.867559 -0.306544
vt 0.896140 -0.277963
vt 0.838979 -0.277963
vt 0.452858 -0.832594
vt 0.452858 -0.804209
vt 0.452858 -0.804209
vt 0.452858 -0.767481
vt 0.452858 -0.767481
vt 0.452858 -0.760821
vt 0.452858 -0.557319
vt 0.452858 -0.536236
vt 0.635501 -0.660382
vt 0.630058 -0.660382
vt 0.026422 -0.715373
vt 0.028752 -0.592056
vt 0.023542 -0.592056
vt 0.023542 -0.715373
vt 0.023542 -0.592056
vt 0.028752 -0.592056
vt 0.028752 -0.715373
vt 0.023542 -0.739858
vt 0.037350 -0.739858
vt 0.556062 -0.961516
vt 0.631635 -0.961516
vt 0.631635 -0.970340
vt 0.556062 -0.970340
vt 0.023542 -0.739858
vt 0.037350 -0.739858
vt 0.116522 -0.592056
vt 0.116522 -0.579482
vt 0.106749 -0.592056
vt 0.116522 -0.592056
vt 0.106749 -0.592056
vt 0.116522 -0.579482
vt 0.649564 -0.961516
vt 0.649564 -0.969376
vt 0.649564 -0.961516
vt 0.649564 -0.967065
vt 0.555183 -0.961516
vt 0.555183 -0.965808
vt 0.452858 -0.747777
vt 0.239084 -0.353726
vt 0.245800 -0.353726
vt 0.582944 -0.592054
vt 0.575975 -0.579481
vt 0.612548 -0.557319
vt 0.575962 -0.715371
vt 0.575962 -0.592054
vt 0.582929 -0.592054
vt 0.589509 -0.739856
vt 0.967140 -0.745590
vt 0.964686 -0.774698
vt 0.967140 -0.774698
vt 0.964932 -0.748043
vt 0.964781 -0.774698
vt 0.967234 -0.774698
vt 0.964916 -0.774698
vt 0.966917 -0.774698
vt 0.966917 -0.745590
vt 0.964916 -0.745590
vt 0.754106 -0.856227
vt 0.668727 -0.856227
vt 0.755104 -0.980998
vt 0.663579 -0.980998
vt 0.113165 -0.579481
vt 0.198517 -0.579481
vt 0.205486 -0.592054
vt 0.105261 -0.592054
vt 0.330948 -0.579481
vt 0.293196 -0.557319
vt 0.452872 -0.557319
vt 0.416300 -0.579481
vt 0.113165 -0.715371
vt 0.198517 -0.715371
vt 0.212064 -0.739856
vt 0.101617 -0.739856
vt 0.189506 -0.592054
vt 0.189506 -0.701356
vt 0.122424 -0.701356
vt 0.122424 -0.592054
vt 0.030294 -0.592056
vt 0.030294 -0.701358
vt 0.035505 -0.701358
vt 0.035505 -0.592056
vt 0.245755 -0.396601
vt 0.245755 -0.463684
vt 0.240546 -0.463684
vt 0.240546 -0.396601
vt 0.030294 -0.701358
vt 0.030294 -0.592056
vt 0.035505 -0.592056
vt 0.035505 -0.701358
vt 0.500064 -0.987820
vt 0.517175 -0.987820
vt 0.517175 -0.975026
vt 0.500064 -0.963822
vt 0.113165 -0.579481
vt 0.198517 -0.579481
vt 0.205486 -0.592054
vt 0.105261 -0.592054
vt 0.490634 -0.579481
vt 0.452882 -0.557319
vt 0.612558 -0.557319
vt 0.575986 -0.579481
vt 0.113165 -0.715371
vt 0.198517 -0.715371
vt 0.212064 -0.739856
vt 0.101617 -0.739856
vt 0.189506 -0.592054
vt 0.189506 -0.701356
vt 0.122424 -0.701356
vt 0.122424 -0.592054
vt 0.030294 -0.592056
vt 0.030294 -0.701358
vt 0.035505 -0.701358
vt 0.035505 -0.592056
vt 0.245755 -0.396601
vt 0.245755 -0.463684
vt 0.240546 -0.463684
vt 0.240546 -0.396601
vt 0.030294 -0.701358
vt 0.030294 -0.592056
vt 0.035505 -0.592056
vt 0.035505 -0.701358
vt 0.506019 -0.939674
vt 0.522447 -0.939674
vt 0.522447 -0.927391
vt 0.506019 -0.916635
vt 0.113165 -0.579481
vt 0.198517 -0.579481
vt 0.205486 -0.592054
vt 0.105261 -0.592054
vt 0.113165 -0.715371
vt 0.198517 -0.715371
vt 0.212064 -0.739856
vt 0.101617 -0.739856
vt 0.189506 -0.592054
vt 0.189506 -0.701356
vt 0.122424 -0.701356
vt 0.122424 -0.592054
vt 0.030294 -0.592056
vt 0.030294 -0.701358
vt 0.035505 -0.701358
vt 0.035505 -0.592056
vt 0.245755 -0.396601
vt 0.245755 -0.463684
vt 0.240546 -0.463684
vt 0.240546 -0.396601
vt 0.030294 -0.701358
vt 0.030294 -0.592056
vt 0.035505 -0.592056
vt 0.035505 -0.701358
vt 0.506604 -0.869491
vt 0.524400 -0.869491
vt 0.524400 -0.856185
vt 0.506604 -0.844534
vt 0.113165 -0.579481
vt 0.105261 -0.592054
vt 0.205486 -0.592054
vt 0.198517 -0.579481
vt 0.490702 -0.579481
vt 0.452951 -0.557319
vt 0.482798 -0.592054
vt 0.113165 -0.715371
vt 0.101617 -0.739856
vt 0.212064 -0.739856
vt 0.198517 -0.715371
vt 0.189506 -0.592054
vt 0.122424 -0.592054
vt 0.122424 -0.701356
vt 0.189506 -0.701356
vt 0.030294 -0.592056
vt 0.035505 -0.592056
vt 0.035505 -0.701358
vt 0.030294 -0.701358
vt 0.245755 -0.396601
vt 0.240546 -0.396601
vt 0.240546 -0.463684
vt 0.245755 -0.463684
vt 0.030294 -0.701358
vt 0.035505 -0.701358
vt 0.035505 -0.592056
vt 0.030294 -0.592056
vt 0.768956 -0.963293
vt 0.768956 -0.945049
vt 0.755947 -0.953566
vt 0.755947 -0.963293
vt 0.113165 -0.579481
vt 0.105261 -0.592054
vt 0.205486 -0.592054
vt 0.198517 -0.579481
vt 0.113165 -0.715371
vt 0.101617 -0.739856
vt 0.212064 -0.739856
vt 0.198517 -0.715371
vt 0.189506 -0.592054
vt 0.122424 -0.592054
vt 0.122424 -0.701356
vt 0.189506 -0.701356
vt 0.030294 -0.592056
vt 0.035505 -0.592056
vt 0.035505 -0.701358
vt 0.030294 -0.701358
vt 0.245755 -0.396601
vt 0.240546 -0.396601
vt 0.240546 -0.463684
vt 0.245755 -0.463684
vt 0.030294 -0.701358
vt 0.035505 -0.701358
vt 0.035505 -0.592056
vt 0.030294 -0.592056
vt 0.767496 -0.897575
vt 0.767496 -0.871660
vt 0.749016 -0.883758
vt 0.749016 -0.897575
vt 0.113165 -0.579481
vt 0.105261 -0.592054
vt 0.205486 -0.592054
vt 0.083622 -0.557319
vt 0.113165 -0.715371
vt 0.101617 -0.739856
vt 0.212064 -0.739856
vt 0.198517 -0.715371
vt 0.189506 -0.592054
vt 0.122424 -0.592054
vt 0.122424 -0.701356
vt 0.189506 -0.701356
vt 0.030294 -0.592056
vt 0.035505 -0.592056
vt 0.035505 -0.701358
vt 0.030294 -0.701358
vt 0.245755 -0.396601
vt 0.240546 -0.396601
vt 0.240546 -0.463684
vt 0.245755 -0.463684
vt 0.030294 -0.701358
vt 0.035505 -0.701358
vt 0.035505 -0.592056
vt 0.030294 -0.592056
vt 0.678790 -0.975083
vt 0.678790 -0.957615
vt 0.666335 -0.965770
vt 0.666335 -0.975083
vt 0.211716 -0.333819
vt 0.186787 -0.335645
vt 0.186787 -0.329670
vt 0.211716 -0.329670
vt 0.209445 -0.491122
vt 0.217185 -0.502561
vt 0.088703 -0.506470
vt 0.096753 -0.491122
vt 0.117903 -0.466407
vt 0.117903 -0.329670
vt 0.186787 -0.329670
vt 0.186787 -0.466407
vt 0.209445 -0.337960
vt 0.186749 -0.466400
vt 0.093626 -0.333819
vt 0.117903 -0.333819
vt 0.117903 -0.337960
vt 0.096753 -0.337960
vt 0.093626 -0.329670
vt 0.117903 -0.329670
vt 0.023542 -0.329668
vt 0.026316 -0.337959
vt 0.030257 -0.333818
vt 0.030257 -0.329668
vt 0.245800 -0.398574
vt 0.245800 -0.467469
vt 0.243025 -0.467469
vt 0.243025 -0.398574
vt 0.023542 -0.466429
vt 0.023542 -0.329668
vt 0.028520 -0.335644
vt 0.026316 -0.466429
vt 0.219839 -0.506470
vt 0.152774 -0.534324
vt 0.134615 -0.506470
vt 0.172359 -0.506470
vt 0.564600 -0.914682
vt 0.746140 -0.914682
vt 0.680409 -0.923364
vt 0.628158 -0.923364
vt 0.149439 -0.506482
vt 0.156149 -0.502575
vt 0.152211 -0.491144
vt 0.149439 -0.491144
vt 0.241793 -0.998706
vt 0.149439 -0.506482
vt 0.156149 -0.506482
vt 0.152211 -0.491144
vt 0.149439 -0.491144
vt 0.245800 -0.398574
vt 0.245800 -0.467469
vt 0.243025 -0.467469
vt 0.243025 -0.398574
vt 0.213400 -0.274252
vt 0.213400 -0.287573
vt 0.092600 -0.287573
vt 0.092600 -0.274252
vt 0.209069 -0.314670
vt 0.097535 -0.314670
vt 0.097535 -0.292843
vt 0.209069 -0.292843
vt 0.089008 -0.329670
vt 0.216837 -0.329670
vt 0.030294 -0.274241
vt 0.030294 -0.287565
vt 0.037010 -0.287565
vt 0.037010 -0.274241
vt 0.031785 -0.292729
vt 0.030294 -0.314755
vt 0.033062 -0.314742
vt 0.100119 -0.314717
vt 0.100119 -0.329589
vt 0.090312 -0.329589
vt 0.097369 -0.314717
vt 0.100119 -0.329589
vt 0.100119 -0.314717
vt 0.097369 -0.314717
vt 0.090312 -0.329589
vt 0.032042 -0.292880
vt 0.033069 -0.314621
vt 0.030294 -0.314621
vt 0.030294 -0.287565
vt 0.037010 -0.287565
vt 0.030294 -0.274241
vt 0.037010 -0.274241
vt 0.037010 -0.329668
vt 0.037010 -0.333681
vt 0.030294 -0.329668
vt 0.036943 -0.333718
vt 0.037010 -0.329668
vt 0.030294 -0.329668
vt 0.031841 -0.337790
vt 0.030294 -0.492231
vt 0.033057 -0.492197
vt 0.551561 -0.961516
vt 0.597491 -0.961516
vt 0.597491 -0.965808
vt 0.551561 -0.965808
vt 0.641626 -0.961516
vt 0.641626 -0.965808
vt 0.031944 -0.337853
vt 0.033069 -0.492285
vt 0.030294 -0.492285
vt 0.640464 -0.981837
vt 0.640464 -0.988159
vt 0.637304 -0.986128
vt 0.637304 -0.981837
vt 0.211716 -0.333819
vt 0.186787 -0.335645
vt 0.186787 -0.329670
vt 0.211716 -0.329670
vt 0.209445 -0.491122
vt 0.219839 -0.506470
vt 0.088703 -0.506470
vt 0.096753 -0.491122
vt 0.117903 -0.466407
vt 0.117903 -0.329670
vt 0.186787 -0.329670
vt 0.186787 -0.466407
vt 0.209445 -0.337960
vt 0.186749 -0.466400
vt 0.093626 -0.333819
vt 0.117903 -0.333819
vt 0.117903 -0.337960
vt 0.096753 -0.337960
vt 0.093626 -0.329670
vt 0.117903 -0.329670
vt 0.023542 -0.329668
vt 0.026316 -0.337959
vt 0.030257 -0.333818
vt 0.030257 -0.329668
vt 0.023542 -0.466429
vt 0.023542 -0.329668
vt 0.028520 -0.335644
vt 0.026316 -0.466429
vt 0.152774 -0.534324
vt 0.134615 -0.506470
vt 0.172359 -0.506470
vt 0.564600 -0.914682
vt 0.746140 -0.914682
vt 0.680409 -0.923364
vt 0.628158 -0.923364
vt 0.149439 -0.506482
vt 0.156149 -0.506482
vt 0.152211 -0.491144
vt 0.149439 -0.491144
vt 0.245800 -0.398574
vt 0.245800 -0.467469
vt 0.243025 -0.467469
vt 0.243025 -0.398574
vt 0.213400 -0.274252
vt 0.213400 -0.287573
vt 0.092600 -0.287573
vt 0.092600 -0.274252
vt 0.209069 -0.314670
vt 0.097535 -0.314670
vt 0.097535 -0.292843
vt 0.209069 -0.292843
vt 0.089008 -0.329670
vt 0.216837 -0.329670
vt 0.030294 -0.274241
vt 0.030294 -0.287565
vt 0.037010 -0.287565
vt 0.037010 -0.274241
vt 0.031785 -0.292729
vt 0.030294 -0.314755
vt 0.033062 -0.314742
vt 0.100119 -0.314717
vt 0.100119 -0.329589
vt 0.090312 -0.329589
vt 0.097369 -0.314717
vt 0.100119 -0.329589
vt 0.100119 -0.314717
vt 0.097369 -0.314717
vt 0.090312 -0.329589
vt 0.032042 -0.292880
vt 0.033069 -0.314621
vt 0.030294 -0.314621
vt 0.030294 -0.287565
vt 0.037010 -0.287565
vt 0.030294 -0.274241
vt 0.037010 -0.274241
vt 0.037010 -0.329668
vt 0.037010 -0.333681
vt 0.030294 -0.329668
vt 0.036943 -0.333718
vt 0.037010 -0.329668
vt 0.030294 -0.329668
vt 0.031841 -0.337790
vt 0.030294 -0.492231
vt 0.033057 -0.492197
vt 0.551561 -0.961516
vt 0.597491 -0.961516
vt 0.597491 -0.965808
vt 0.551561 -0.965808
vt 0.641626 -0.961516
vt 0.641626 -0.965808
vt 0.031944 -0.337853
vt 0.033069 -0.492285
vt 0.030294 -0.492285
vt 0.640464 -0.981837
vt 0.640464 -0.988159
vt 0.637304 -0.986128
vt 0.637304 -0.981837
vt 0.211716 -0.333819
vt 0.186787 -0.335645
vt 0.186787 -0.329670
vt 0.211716 -0.329670
vt 0.209445 -0.491122
vt 0.219839 -0.506470
vt 0.088703 -0.506470
vt 0.096753 -0.491122
vt 0.117903 -0.466407
vt 0.117903 -0.329670
vt 0.186787 -0.329670
vt 0.186787 -0.466407
vt 0.209445 -0.337960
vt 0.186749 -0.466400
vt 0.093626 -0.333819
vt 0.117903 -0.333819
vt 0.117903 -0.337960
vt 0.096753 -0.337960
vt 0.093626 -0.329670
vt 0.117903 -0.329670
vt 0.023542 -0.329668
vt 0.026316 -0.337959
vt 0.030257 -0.333818
vt 0.030257 -0.329668
vt 0.023542 -0.466429
vt 0.023542 -0.329668
vt 0.028520 -0.335644
vt 0.026316 -0.466429
vt 0.152774 -0.534324
vt 0.134615 -0.506470
vt 0.172359 -0.506470
vt 0.564600 -0.914682
vt 0.746140 -0.914682
vt 0.680409 -0.923364
vt 0.628158 -0.923364
vt 0.597238 -0.506495
vt 0.612537 -0.536235
vt 0.530160 -0.534354
vt 0.452860 -0.274236
vt 0.466383 -0.329664
vt 0.452860 -0.536235
vt 0.149439 -0.506482
vt 0.156149 -0.506482
vt 0.152211 -0.491144
vt 0.149439 -0.491144
vt 0.245800 -0.398574
vt 0.245800 -0.467469
vt 0.243025 -0.467469
vt 0.243025 -0.398574
vt 0.213400 -0.274252
vt 0.213400 -0.287573
vt 0.092600 -0.287573
vt 0.092600 -0.274252
vt 0.209069 -0.314670
vt 0.097535 -0.314670
vt 0.097535 -0.292843
vt 0.209069 -0.292843
vt 0.089008 -0.329670
vt 0.216837 -0.329670
vt 0.030294 -0.274241
vt 0.030294 -0.287565
vt 0.037010 -0.287565
vt 0.037010 -0.274241
vt 0.031785 -0.292729
vt 0.030294 -0.314755
vt 0.033062 -0.314742
vt 0.100119 -0.314717
vt 0.100119 -0.329589
vt 0.090312 -0.329589
vt 0.097369 -0.314717
vt 0.100119 -0.329589
vt 0.100119 -0.314717
vt 0.097369 -0.314717
vt 0.090312 -0.329589
vt 0.032042 -0.292880
vt 0.033069 -0.314621
vt 0.030294 -0.314621
vt 0.030294 -0.287565
vt 0.037010 -0.287565
vt 0.030294 -0.274241
vt 0.037010 -0.274241
vt 0.037010 -0.329668
vt 0.037010 -0.333681
vt 0.030294 -0.329668
vt 0.036943 -0.333718
vt 0.037010 -0.329668
vt 0.030294 -0.329668
vt 0.031841 -0.337790
vt 0.030294 -0.492231
vt 0.033057 -0.492197
vt 0.551561 -0.961516
vt 0.597491 -0.961516
vt 0.597491 -0.965808
vt 0.551561 -0.965808
vt 0.641626 -0.961516
vt 0.641626 -0.965808
vt 0.031944 -0.337853
vt 0.033069 -0.492285
vt 0.030294 -0.492285
vt 0.640464 -0.981837
vt 0.640464 -0.988159
vt 0.637304 -0.986128
vt 0.637304 -0.981837
vt 0.211716 -0.333819
vt 0.186787 -0.335645
vt 0.186787 -0.329670
vt 0.211716 -0.329670
vt 0.209445 -0.491122
vt 0.219839 -0.506470
vt 0.088703 -0.506470
vt 0.096753 -0.491122
vt 0.117903 -0.466407
vt 0.117903 -0.329670
vt 0.186787 -0.329670
vt 0.186787 -0.466407
vt 0.209445 -0.337960
vt 0.186749 -0.466400
vt 0.093626 -0.333819
vt 0.117903 -0.333819
vt 0.117903 -0.337960
vt 0.096753 -0.337960
vt 0.093626 -0.329670
vt 0.117903 -0.329670
vt 0.023542 -0.329668
vt 0.026316 -0.337959
vt 0.030257 -0.333818
vt 0.030257 -0.329668
vt 0.023542 -0.466429
vt 0.023542 -0.329668
vt 0.028520 -0.335644
vt 0.026316 -0.466429
vt 0.152774 -0.534324
vt 0.134615 -0.506470
vt 0.172359 -0.506470
vt 0.564600 -0.914682
vt 0.746140 -0.914682
vt 0.680409 -0.923364
vt 0.628158 -0.923364
vt 0.226550 -0.274239
vt 0.226550 -0.287422
vt 0.261482 -0.287445
vt 0.293182 -0.274239
vt 0.048250 -0.536214
vt 0.044344 -0.529328
vt 0.020665 -0.529328
vt 0.288700 -0.529328
vt 0.265701 -0.529328
vt 0.257544 -0.529328
vt 0.231122 -0.529328
vt 0.083622 -0.536236
vt 0.078572 -0.529328
vt 0.052597 -0.529317
vt 0.044344 -0.292160
vt 0.048410 -0.287422
vt 0.016259 -0.287422
vt 0.020665 -0.292160
vt 0.231122 -0.292160
vt 0.257544 -0.292160
vt 0.078572 -0.292160
vt 0.082185 -0.287422
vt 0.052597 -0.292149
vt 0.288700 -0.292160
vt 0.265701 -0.292160
vt 0.213400 -0.274252
vt 0.092600 -0.274252
vt 0.092600 -0.287573
vt 0.213400 -0.287573
vt 0.209069 -0.314670
vt 0.209069 -0.292843
vt 0.097535 -0.292843
vt 0.097535 -0.314670
vt 0.089008 -0.329670
vt 0.216837 -0.329670
vt 0.257544 -0.292160
vt 0.257544 -0.529328
vt 0.265701 -0.529328
vt 0.265701 -0.292160
vt 0.293182 -0.287422
vt 0.030294 -0.274241
vt 0.037010 -0.274241
vt 0.037010 -0.287424
vt 0.030294 -0.287424
vt 0.031571 -0.292162
vt 0.031648 -0.529330
vt 0.037010 -0.536238
vt 0.031775 -0.529330
vt 0.037010 -0.287424
vt 0.030294 -0.287424
vt 0.032053 -0.292162
vt 0.037010 -0.274241
vt 0.030294 -0.256054
vt 0.023542 -0.274241
vt 0.033659 -0.274241
vt 0.023542 -0.287424
vt 0.037010 -0.287424
vt 0.033069 -0.292162
vt 0.023542 -0.292162
vt 0.033069 -0.529330
vt 0.023542 -0.529330
vt 0.030294 -0.536238
vt 0.037010 -0.536238
vt 0.031668 -0.529330
vt 0.033069 -0.292162
vt 0.030294 -0.292162
vt 0.030378 -0.292167
vt 0.033152 -0.292167
vt 0.037093 -0.287451
vt 0.030378 -0.287451
vt 0.030294 -0.287446
vt 0.037010 -0.287446
vt 0.031513 -0.292162
vt 0.033069 -0.529330
vt 0.030294 -0.529330
vt 0.030378 -0.529334
vt 0.033152 -0.529334
vt 0.037093 -0.536243
vt 0.030378 -0.536243
vt 0.031674 -0.529330
vt 0.037010 -0.287424
vt 0.030294 -0.287424
vt 0.031798 -0.292162
vt 0.037010 -0.274241
vt 0.030294 -0.274241
vt 0.030294 -0.274241
vt 0.037010 -0.274241
vt 0.037010 -0.287565
vt 0.030294 -0.287565
vt 0.031678 -0.292729
vt 0.033062 -0.314742
vt 0.030294 -0.314755
vt 0.100119 -0.314717
vt 0.097369 -0.314717
vt 0.090312 -0.329589
vt 0.100119 -0.329589
vt 0.100119 -0.329589
vt 0.090312 -0.329589
vt 0.097369 -0.314717
vt 0.100119 -0.314717
vt 0.030294 -0.314621
vt 0.033069 -0.314621
vt 0.031771 -0.292881
vt 0.037010 -0.287565
vt 0.030294 -0.287565
vt 0.037010 -0.274241
vt 0.030294 -0.274241
vt 0.030294 -0.329668
vt 0.037010 -0.333681
vt 0.037010 -0.329668
vt 0.030294 -0.329668
vt 0.037010 -0.329668
vt 0.036943 -0.333718
vt 0.031964 -0.337790
vt 0.033057 -0.492197
vt 0.030294 -0.492231
vt 0.551561 -0.961516
vt 0.551561 -0.965808
vt 0.597491 -0.965808
vt 0.597491 -0.961516
vt 0.641626 -0.965808
vt 0.641626 -0.961516
vt 0.030294 -0.492285
vt 0.033069 -0.492285
vt 0.031944 -0.337853
vt 0.637304 -0.986128
vt 0.640464 -0.988159
vt 0.640464 -0.981837
vt 0.637304 -0.981837
vt 0.044344 -0.292160
vt 0.044344 -0.529328
vt 0.052597 -0.529317
vt 0.052597 -0.292149
vt 0.030294 -0.536215
vt 0.037010 -0.536215
vt 0.031669 -0.529319
vt 0.033069 -0.292151
vt 0.030294 -0.292151
vt 0.030378 -0.292156
vt 0.033152 -0.292156
vt 0.037093 -0.287429
vt 0.030378 -0.287429
vt 0.030294 -0.287424
vt 0.037010 -0.287424
vt 0.031669 -0.292162
vt 0.031876 -0.529330
vt 0.016259 -0.274239
vt 0.437560 -0.506495
vt 0.429436 -0.329664
vt 0.427165 -0.337955
vt 0.427165 -0.491144
vt 0.288701 -0.529327
vt 0.293182 -0.536235
vt 0.293182 -0.287419
vt 0.288701 -0.292157
vt 0.310298 -0.287560
vt 0.310298 -0.274236
vt 0.293182 -0.274236
vt 0.037010 -0.274241
vt 0.597238 -0.506495
vt 0.589113 -0.329664
vt 0.586842 -0.337955
vt 0.586842 -0.491144
vt 0.452860 -0.274236
vt 0.466383 -0.329664
vt 0.469975 -0.287560
vt 0.469975 -0.274236
vt 0.016259 -0.287422
vt 0.016259 -0.536236
vt 0.020665 -0.529328
vt 0.020665 -0.292160
vt 0.211716 -0.333819
vt 0.211716 -0.329670
vt 0.186787 -0.329670
vt 0.186787 -0.335645
vt 0.209445 -0.491122
vt 0.096753 -0.491122
vt 0.088703 -0.506470
vt 0.217185 -0.502561
vt 0.186787 -0.329670
vt 0.117903 -0.329670
vt 0.117903 -0.466407
vt 0.186787 -0.466407
vt 0.209445 -0.337960
vt 0.186749 -0.466400
vt 0.093626 -0.333819
vt 0.096753 -0.337960
vt 0.117903 -0.337960
vt 0.117903 -0.333819
vt 0.093626 -0.329670
vt 0.117903 -0.329670
vt 0.026316 -0.337959
vt 0.026316 -0.466429
vt 0.023542 -0.466429
vt 0.023542 -0.329668
vt 0.245800 -0.398574
vt 0.243025 -0.398574
vt 0.243025 -0.467469
vt 0.245800 -0.467469
vt 0.023542 -0.466429
vt 0.026316 -0.466429
vt 0.028520 -0.335644
vt 0.023542 -0.329668
vt 0.219839 -0.506470
vt 0.152774 -0.534324
vt 0.172359 -0.506470
vt 0.134615 -0.506470
vt 0.564600 -0.914682
vt 0.628158 -0.923364
vt 0.680409 -0.923364
vt 0.746140 -0.914682
vt 0.156149 -0.502575
vt 0.156149 -0.506482
vt 0.149439 -0.506482
vt 0.149439 -0.491144
vt 0.149439 -0.491144
vt 0.149439 -0.506482
vt 0.156149 -0.506482
vt 0.152211 -0.491144
vt 0.156149 -0.506482
vt 0.149439 -0.506482
vt 0.149439 -0.491144
vt 0.245800 -0.398574
vt 0.243025 -0.398574
vt 0.243025 -0.467469
vt 0.245800 -0.467469
vt 0.213400 -0.274252
vt 0.092600 -0.274252
vt 0.092600 -0.287573
vt 0.213400 -0.287573
vt 0.209069 -0.314670
vt 0.209069 -0.292843
vt 0.097535 -0.292843
vt 0.097535 -0.314670
vt 0.089008 -0.329670
vt 0.216837 -0.329670
vt 0.030294 -0.274241
vt 0.037010 -0.274241
vt 0.037010 -0.287565
vt 0.030294 -0.287565
vt 0.031785 -0.292729
vt 0.033062 -0.314742
vt 0.030294 -0.314755
vt 0.100119 -0.314717
vt 0.097369 -0.314717
vt 0.090312 -0.329589
vt 0.100119 -0.329589
vt 0.100119 -0.329589
vt 0.090312 -0.329589
vt 0.097369 -0.314717
vt 0.100119 -0.314717
vt 0.030294 -0.314621
vt 0.033069 -0.314621
vt 0.031895 -0.292881
vt 0.037010 -0.287565
vt 0.030294 -0.287565
vt 0.037010 -0.274241
vt 0.030294 -0.274241
vt 0.030294 -0.329668
vt 0.037010 -0.333681
vt 0.037010 -0.329668
vt 0.030294 -0.329668
vt 0.037010 -0.329668
vt 0.036943 -0.333718
vt 0.031841 -0.337790
vt 0.033057 -0.492197
vt 0.030294 -0.492231
vt 0.551561 -0.961516
vt 0.551561 -0.965808
vt 0.597491 -0.965808
vt 0.597491 -0.961516
vt 0.641626 -0.965808
vt 0.641626 -0.961516
vt 0.030294 -0.492285
vt 0.033069 -0.492285
vt 0.031944 -0.337853
vt 0.637304 -0.986128
vt 0.640464 -0.988159
vt 0.640464 -0.981837
vt 0.637304 -0.981837
vt 0.211716 -0.333819
vt 0.211716 -0.329670
vt 0.186787 -0.329670
vt 0.186787 -0.335645
vt 0.209445 -0.491122
vt 0.096753 -0.491122
vt 0.088703 -0.506470
vt 0.219839 -0.506470
vt 0.186787 -0.329670
vt 0.117903 -0.329670
vt 0.117903 -0.466407
vt 0.186787 -0.466407
vt 0.209445 -0.337960
vt 0.186749 -0.466400
vt 0.093626 -0.333819
vt 0.096753 -0.337960
vt 0.117903 -0.337960
vt 0.117903 -0.333819
vt 0.093626 -0.329670
vt 0.117903 -0.329670
vt 0.026316 -0.337959
vt 0.026316 -0.466429
vt 0.023542 -0.466429
vt 0.023542 -0.329668
vt 0.023542 -0.466429
vt 0.026316 -0.466429
vt 0.028520 -0.335644
vt 0.023542 -0.329668
vt 0.152774 -0.534324
vt 0.172359 -0.506470
vt 0.134615 -0.506470
vt 0.564600 -0.914682
vt 0.628158 -0.923364
vt 0.680409 -0.923364
vt 0.746140 -0.914682
vt 0.156149 -0.506482
vt 0.152211 -0.491144
vt 0.149439 -0.491144
vt 0.149439 -0.506482
vt 0.152211 -0.491144
vt 0.156149 -0.506482
vt 0.149439 -0.506482
vt 0.149439 -0.491144
vt 0.245800 -0.398574
vt 0.243025 -0.398574
vt 0.243025 -0.467469
vt 0.245800 -0.467469
vt 0.213400 -0.274252
vt 0.092600 -0.274252
vt 0.092600 -0.287573
vt 0.213400 -0.287573
vt 0.209069 -0.314670
vt 0.209069 -0.292843
vt 0.097535 -0.292843
vt 0.097535 -0.314670
vt 0.089008 -0.329670
vt 0.216837 -0.329670
vt 0.030294 -0.274241
vt 0.037010 -0.274241
vt 0.037010 -0.287565
vt 0.030294 -0.287565
vt 0.031785 -0.292729
vt 0.033062 -0.314742
vt 0.030294 -0.314755
vt 0.100119 -0.314717
vt 0.097369 -0.314717
vt 0.090312 -0.329589
vt 0.100119 -0.329589
vt 0.100119 -0.329589
vt 0.090312 -0.329589
vt 0.097369 -0.314717
vt 0.100119 -0.314717
vt 0.030294 -0.314621
vt 0.033069 -0.314621
vt 0.032042 -0.292880
vt 0.037010 -0.287565
vt 0.030294 -0.287565
vt 0.037010 -0.274241
vt 0.030294 -0.274241
vt 0.030294 -0.329668
vt 0.037010 -0.333681
vt 0.037010 -0.329668
vt 0.030294 -0.329668
vt 0.037010 -0.329668
vt 0.036943 -0.333718
vt 0.031841 -0.337790
vt 0.033057 -0.492197
vt 0.030294 -0.492231
vt 0.551561 -0.961516
vt 0.551561 -0.965808
vt 0.597491 -0.965808
vt 0.597491 -0.961516
vt 0.641626 -0.965808
vt 0.641626 -0.961516
vt 0.030294 -0.492285
vt 0.033069 -0.492285
vt 0.031944 -0.337853
vt 0.637304 -0.986128
vt 0.640464 -0.988159
vt 0.640464 -0.981837
vt 0.637304 -0.981837
vt 0.211716 -0.333819
vt 0.211716 -0.329670
vt 0.186787 -0.329670
vt 0.186787 -0.335645
vt 0.209445 -0.491122
vt 0.096753 -0.491122
vt 0.088703 -0.506470
vt 0.219839 -0.506470
vt 0.186787 -0.329670
vt 0.117903 -0.329670
vt 0.117903 -0.466407
vt 0.186787 -0.466407
vt 0.209445 -0.337960
vt 0.186749 -0.466400
vt 0.093626 -0.333819
vt 0.096753 -0.337960
vt 0.117903 -0.337960
vt 0.117903 -0.333819
vt 0.093626 -0.329670
vt 0.117903 -0.329670
vt 0.026316 -0.337959
vt 0.026316 -0.466429
vt 0.023542 -0.466429
vt 0.023542 -0.329668
vt 0.023542 -0.466429
vt 0.026316 -0.466429
vt 0.028520 -0.335644
vt 0.023542 -0.329668
vt 0.152774 -0.534324
vt 0.172359 -0.506470
vt 0.134615 -0.506470
vt 0.564600 -0.914682
vt 0.628158 -0.923364
vt 0.680409 -0.923364
vt 0.746140 -0.914682
vt 0.156149 -0.506482
vt 0.152211 -0.491144
vt 0.149439 -0.491144
vt 0.149439 -0.506482
vt 0.362603 -0.251377
vt 0.374355 -0.219390
vt 0.381966 -0.218918
vt 0.384565 -0.251377
vt 0.329182 -0.088371
vt 0.414026 -0.087887
vt 0.420790 -0.098562
vt 0.325317 -0.098571
vt 0.420878 -0.098624
vt 0.415447 -0.218918
vt 0.415447 -0.098571
vt 0.339628 -0.098571
vt 0.339616 -0.210933
vt 0.330592 -0.218918
vt 0.330592 -0.098571
vt 0.329275 -0.063965
vt 0.416319 -0.063975
vt 0.329326 -0.087990
vt 0.406427 -0.210948
vt 0.406427 -0.098571
vt 0.415447 -0.098571
vt 0.415447 -0.218918
vt 0.330592 -0.218918
vt 0.325319 -0.098569
vt 0.330592 -0.098571
vt 0.452857 -0.256053
vt 0.293182 -0.256053
vt 0.362603 -0.251377
vt 0.384565 -0.251377
vt 0.364758 -0.218918
vt 0.339628 -0.098571
vt 0.406427 -0.098571
vt 0.406427 -0.210948
vt 0.339628 -0.211071
vt 0.381207 -0.210948
vt 0.366324 -0.211016
vt 0.381966 -0.218918
vt 0.416313 -0.064011
vt 0.416262 -0.063983
vt 0.411624 -0.098327
vt 0.411624 -0.218674
vt 0.415559 -0.218674
vt 0.415559 -0.098327
vt 0.336378 -0.195429
vt 0.336378 -0.161949
vt 0.332190 -0.161949
vt 0.332190 -0.195429
vt 0.411624 -0.218685
vt 0.411624 -0.251046
vt 0.415559 -0.251046
vt 0.415559 -0.218685
vt 0.336378 -0.164547
vt 0.336378 -0.142585
vt 0.332190 -0.142585
vt 0.332190 -0.164547
vt 0.411624 -0.250952
vt 0.411624 -0.218647
vt 0.415559 -0.218647
vt 0.415559 -0.250952
vt 0.336378 -0.144740
vt 0.336378 -0.110574
vt 0.332190 -0.110574
vt 0.332190 -0.144740
vt 0.411624 -0.218674
vt 0.411624 -0.098327
vt 0.415559 -0.098327
vt 0.415559 -0.218674
vt 0.415559 -0.087956
vt 0.416241 -0.063955
vt 0.416293 -0.063950
vt 0.405445 -0.098327
vt 0.405445 -0.210704
vt 0.415559 -0.210704
vt 0.415559 -0.098327
vt 0.559587 -0.299301
vt 0.533897 -0.310062
vt 0.559587 -0.310062
vt 0.405445 -0.210704
vt 0.405445 -0.098327
vt 0.415559 -0.098327
vt 0.415559 -0.210704
vt 0.418958 -0.098708
vt 0.411624 -0.098747
vt 0.411624 -0.098626
vt 0.418970 -0.098626
vt 0.852331 -0.544419
vt 0.884990 -0.544419
vt 0.884990 -0.347594
vt 0.852331 -0.347594
vt 0.572912 -0.957333
vt 0.618586 -0.957332
vt 0.615810 -0.959327
vt 0.575699 -0.959327
vt 0.618562 -0.964193
vt 0.615810 -0.963141
vt 0.968489 -0.301130
vt 0.968489 -0.111558
vt 0.932578 -0.107932
vt 0.932578 -0.304756
vt 0.968489 -0.264120
vt 0.968489 -0.283420
vt 0.932578 -0.290098
vt 0.932578 -0.257438
vt 0.968489 -0.111558
vt 0.968489 -0.301130
vt 0.932578 -0.304756
vt 0.932578 -0.107932
vt 0.968489 -0.283420
vt 0.968489 -0.264120
vt 0.932578 -0.257438
vt 0.932578 -0.290098
vt 0.329326 -0.063965
vt 0.329326 -0.087990
vt 0.293182 -0.063965
vt 0.293182 -0.004639
vt 0.452857 -0.004639
vt 0.452857 -0.052239
vt 0.293182 -0.052239
vt 0.416281 -0.063965
vt 0.452857 -0.063965
vt 0.293257 -0.033961
vt 0.452933 -0.033961
vt 0.452933 -0.040712
vt 0.293257 -0.040712
vt 0.297413 -0.028681
vt 0.332937 -0.028681
vt 0.332937 -0.033717
vt 0.297413 -0.036800
vt 0.293181 -0.052239
vt 0.452857 -0.052239
vt 0.452857 -0.063965
vt 0.293178 -0.063988
vt 0.362603 -0.251377
vt 0.374355 -0.219390
vt 0.381966 -0.218918
vt 0.384565 -0.251377
vt 0.329182 -0.088371
vt 0.414026 -0.087887
vt 0.420790 -0.098562
vt 0.325317 -0.098571
vt 0.420878 -0.098624
vt 0.415447 -0.218918
vt 0.415447 -0.098571
vt 0.339628 -0.098571
vt 0.339616 -0.210933
vt 0.330592 -0.218918
vt 0.330592 -0.098571
vt 0.329275 -0.063965
vt 0.416319 -0.063975
vt 0.329326 -0.087990
vt 0.406427 -0.210948
vt 0.406427 -0.098571
vt 0.415447 -0.098571
vt 0.415447 -0.218918
vt 0.330592 -0.218918
vt 0.325319 -0.098569
vt 0.330592 -0.098571
vt 0.452857 -0.256053
vt 0.293182 -0.256053
vt 0.362603 -0.251377
vt 0.384565 -0.251377
vt 0.364758 -0.218918
vt 0.339628 -0.098571
vt 0.406427 -0.098571
vt 0.406427 -0.210948
vt 0.339628 -0.211071
vt 0.381207 -0.210948
vt 0.366324 -0.211016
vt 0.381966 -0.218918
vt 0.416313 -0.064011
vt 0.416262 -0.063983
vt 0.411624 -0.098327
vt 0.411624 -0.218674
vt 0.415559 -0.218674
vt 0.415559 -0.098327
vt 0.336378 -0.195429
vt 0.336378 -0.161949
vt 0.332190 -0.161949
vt 0.332190 -0.195429
vt 0.411624 -0.218685
vt 0.411624 -0.251046
vt 0.415559 -0.251046
vt 0.415559 -0.218685
vt 0.336378 -0.164547
vt 0.336378 -0.142585
vt 0.332190 -0.142585
vt 0.332190 -0.164547
vt 0.411624 -0.250952
vt 0.411624 -0.218647
vt 0.415559 -0.218647
vt 0.415559 -0.250952
vt 0.336378 -0.144740
vt 0.336378 -0.110574
vt 0.332190 -0.110574
vt 0.332190 -0.144740
vt 0.411624 -0.218674
vt 0.411624 -0.098327
vt 0.415559 -0.098327
vt 0.415559 -0.218674
vt 0.415559 -0.087956
vt 0.416241 -0.063955
vt 0.416293 -0.063950
vt 0.405445 -0.098327
vt 0.405445 -0.210704
vt 0.415559 -0.210704
vt 0.415559 -0.098327
vt 0.559587 -0.299301
vt 0.533897 -0.310062
vt 0.559587 -0.310062
vt 0.405445 -0.210704
vt 0.405445 -0.098327
vt 0.415559 -0.098327
vt 0.415559 -0.210704
vt 0.418958 -0.098708
vt 0.411624 -0.098747
vt 0.411624 -0.098626
vt 0.418970 -0.098626
vt 0.852331 -0.544419
vt 0.884990 -0.544419
vt 0.884990 -0.347594
vt 0.852331 -0.347594
vt 0.572912 -0.957333
vt 0.618586 -0.957332
vt 0.615810 -0.959327
vt 0.575699 -0.959327
vt 0.618562 -0.964193
vt 0.615810 -0.963141
vt 0.968489 -0.301130
vt 0.968489 -0.111558
vt 0.932578 -0.107932
vt 0.932578 -0.304756
vt 0.968489 -0.264120
vt 0.968489 -0.283420
vt 0.932578 -0.290098
vt 0.932578 -0.257438
vt 0.968489 -0.111558
vt 0.968489 -0.301130
vt 0.932578 -0.304756
vt 0.932578 -0.107932
vt 0.968489 -0.283420
vt 0.968489 -0.264120
vt 0.932578 -0.257438
vt 0.932578 -0.290098
vt 0.329326 -0.063965
vt 0.329326 -0.087990
vt 0.293182 -0.063965
vt 0.293182 -0.004639
vt 0.452857 -0.004639
vt 0.452857 -0.052239
vt 0.293182 -0.052239
vt 0.416281 -0.063965
vt 0.452857 -0.063965
vt 0.293257 -0.033961
vt 0.452933 -0.033961
vt 0.452933 -0.040712
vt 0.293257 -0.040712
vt 0.297413 -0.028681
vt 0.332937 -0.028681
vt 0.332937 -0.033717
vt 0.297413 -0.036800
vt 0.293181 -0.052239
vt 0.452857 -0.052239
vt 0.452857 -0.063965
vt 0.293178 -0.063988
vt 0.362603 -0.251377
vt 0.374355 -0.219390
vt 0.381966 -0.218918
vt 0.384565 -0.251377
vt 0.329182 -0.088371
vt 0.414026 -0.087887
vt 0.420790 -0.098562
vt 0.325317 -0.098571
vt 0.420878 -0.098624
vt 0.415447 -0.218918
vt 0.415447 -0.098571
vt 0.339628 -0.098571
vt 0.339616 -0.210933
vt 0.330592 -0.218918
vt 0.330592 -0.098571
vt 0.329275 -0.063965
vt 0.416319 -0.063975
vt 0.329326 -0.087990
vt 0.406427 -0.210948
vt 0.406427 -0.098571
vt 0.415447 -0.098571
vt 0.415447 -0.218918
vt 0.330592 -0.218918
vt 0.325319 -0.098569
vt 0.330592 -0.098571
vt 0.293182 -0.256053
vt 0.362603 -0.251377
vt 0.384565 -0.251377
vt 0.364758 -0.218918
vt 0.339628 -0.098571
vt 0.406427 -0.098571
vt 0.406427 -0.210948
vt 0.339628 -0.211071
vt 0.381207 -0.210948
vt 0.366324 -0.211016
vt 0.381966 -0.218918
vt 0.416313 -0.064011
vt 0.416262 -0.063983
vt 0.411624 -0.098327
vt 0.411624 -0.218674
vt 0.415559 -0.218674
vt 0.415559 -0.098327
vt 0.336378 -0.195429
vt 0.336378 -0.161949
vt 0.332190 -0.161949
vt 0.332190 -0.195429
vt 0.411624 -0.218685
vt 0.411624 -0.251046
vt 0.415559 -0.251046
vt 0.415559 -0.218685
vt 0.336378 -0.164547
vt 0.336378 -0.142585
vt 0.332190 -0.142585
vt 0.332190 -0.164547
vt 0.411624 -0.250952
vt 0.411624 -0.218647
vt 0.415559 -0.218647
vt 0.415559 -0.250952
vt 0.336378 -0.144740
vt 0.336378 -0.110574
vt 0.332190 -0.110574
vt 0.332190 -0.144740
vt 0.411624 -0.218674
vt 0.411624 -0.098327
vt 0.415559 -0.098327
vt 0.415559 -0.218674
vt 0.415559 -0.087956
vt 0.416241 -0.063955
vt 0.416293 -0.063950
vt 0.405445 -0.098327
vt 0.405445 -0.210704
vt 0.415559 -0.210704
vt 0.415559 -0.098327
vt 0.559587 -0.299301
vt 0.533897 -0.310062
vt 0.559587 -0.310062
vt 0.405445 -0.210704
vt 0.405445 -0.098327
vt 0.415559 -0.098327
vt 0.415559 -0.210704
vt 0.418958 -0.098708
vt 0.411624 -0.098747
vt 0.411624 -0.098626
vt 0.418970 -0.098626
vt 0.852331 -0.544419
vt 0.884990 -0.544419
vt 0.884990 -0.347594
vt 0.852331 -0.347594
vt 0.572912 -0.957333
vt 0.618586 -0.957332
vt 0.615810 -0.959327
vt 0.575699 -0.959327
vt 0.618562 -0.964193
vt 0.615810 -0.963141
vt 0.968489 -0.301130
vt 0.968489 -0.111558
vt 0.932578 -0.107932
vt 0.932578 -0.304756
vt 0.968489 -0.264120
vt 0.968489 -0.283420
vt 0.932578 -0.290098
vt 0.932578 -0.257438
vt 0.968489 -0.111558
vt 0.968489 -0.301130
vt 0.932578 -0.304756
vt 0.932578 -0.107932
vt 0.968489 -0.283420
vt 0.968489 -0.264120
vt 0.932578 -0.257438
vt 0.932578 -0.290098
vt 0.329326 -0.063965
vt 0.329326 -0.087990
vt 0.293182 -0.063965
vt 0.293182 -0.004639
vt 0.293182 -0.052239
vt 0.416281 -0.063965
vt 0.293257 -0.033961
vt 0.293257 -0.040712
vt 0.332937 -0.028681
vt 0.332937 -0.033717
vt 0.293181 -0.052239
vt 0.293178 -0.063988
vt 0.735331 -0.343751
vt 0.735331 -0.357933
vt 0.753652 -0.357933
vt 0.753652 -0.343751
vt 0.657834 -0.309703
vt 0.695106 -0.309703
vt 0.682093 -0.309703
vt 0.072934 -0.747846
vt 0.066219 -0.747846
vt 0.044910 -0.557321
vt 0.040410 -0.274241
vt 0.481145 -0.865748
vt 0.325944 -0.834696
vt 0.481145 -0.834696
vt 0.052566 -0.574244
vt 0.044344 -0.574244
vt 0.048218 -0.569223
vt 0.048250 -0.536214
vt 0.048410 -0.287422
vt 0.261482 -0.287445
vt 0.261322 -0.536236
vt 0.265701 -0.574244
vt 0.261464 -0.569223
vt 0.257544 -0.574244
vt 0.257544 -0.574244
vt 0.265701 -0.574244
vt 0.261464 -0.569223
vt 0.265701 -0.529328
vt 0.261322 -0.536236
vt 0.257544 -0.529328
vt 0.052597 -0.529317
vt 0.044344 -0.529328
vt 0.048250 -0.536214
vt 0.044344 -0.574244
vt 0.048218 -0.569223
vt 0.052566 -0.574244
vt 0.101617 -0.739856
vt 0.113165 -0.715371
vt 0.078572 -0.741707
vt 0.082629 -0.747777
vt 0.227082 -0.747777
vt 0.212064 -0.739856
vt 0.231122 -0.741707
vt 0.198517 -0.715371
vt 0.113165 -0.592054
vt 0.105261 -0.592054
vt 0.083622 -0.569223
vt 0.078572 -0.574244
vt 0.198517 -0.592054
vt 0.231122 -0.574244
vt 0.650229 -0.965770
vt 0.499648 -0.957615
vt 0.530324 -0.965770
vt 0.499648 -0.975083
vt 0.513776 -0.975083
vt 0.513776 -0.965770
vt 0.530324 -0.975083
vt 0.650229 -0.975083
vt 0.122471 -0.701390
vt 0.122424 -0.592054
vt 0.113165 -0.592054
vt 0.189340 -0.701363
vt 0.198517 -0.592054
vt 0.189506 -0.592055
vt 0.690193 -0.986128
vt 0.083622 -0.557319
vt 0.082185 -0.274239
vt 0.555336 -0.981837
vt 0.555336 -0.986128
vt 0.546304 -0.986128
vt 0.546304 -0.981837
vt 0.690193 -0.988302
vt 0.690193 -0.986128
vt 0.645084 -0.986128
vt 0.638006 -0.986128
vt 0.500712 -0.986128
vt 0.620690 -0.981837
vt 0.573549 -0.981837
vt 0.573553 -0.986128
vt 0.620690 -0.986128
vt 0.552984 -0.988159
vt 0.556580 -0.986128
vt 0.556488 -0.981837
vt 0.552984 -0.981837
vt 0.546746 -0.987385
vt 0.092600 -0.287573
vt 0.092600 -0.274252
vt 0.082257 -0.274252
vt 0.082257 -0.287433
vt 0.078645 -0.292170
vt 0.097535 -0.292843
vt 0.226598 -0.287433
vt 0.226598 -0.274252
vt 0.213400 -0.274252
vt 0.213400 -0.287573
vt 0.209069 -0.292843
vt 0.231169 -0.292170
vt 0.209069 -0.314670
vt 0.216837 -0.329670
vt 0.089008 -0.329670
vt 0.097535 -0.314670
vt 0.096753 -0.491122
vt 0.096753 -0.337960
vt 0.093626 -0.329670
vt 0.088703 -0.506470
vt 0.078645 -0.529297
vt 0.083694 -0.536205
vt 0.152774 -0.534324
vt 0.225952 -0.536205
vt 0.231169 -0.529297
vt 0.219839 -0.506470
vt 0.211716 -0.329670
vt 0.209445 -0.337960
vt 0.209445 -0.491122
vt 0.117903 -0.466407
vt 0.152211 -0.491144
vt 0.152211 -0.491144
vt 0.030257 -0.329668
vt 0.030257 -0.329668
vt 0.030257 -0.333818
vt 0.293182 -0.557319
vt 0.546746 -0.991178
vt 0.612535 -0.027042
vt 0.612535 -0.020291
vt 0.607445 -0.027042
vt 0.607445 -0.033812
vt 0.762787 -0.933917
vt 0.762917 -0.936909
vt 0.737516 -0.933652
vt 0.802394 -0.063964
vt 0.949729 -0.067232
vt 0.752865 -0.861129
vt 0.612535 -0.053183
vt 0.699599 -0.053183
vt 0.699599 -0.059954
vt 0.607445 -0.059954
vt 0.452858 -0.747777
vt 0.452858 -0.557319
vt 0.330971 -0.579481
vt 0.416324 -0.579481
vt 0.452896 -0.557319
vt 0.293220 -0.557319
vt 0.482705 -0.592054
vt 0.479062 -0.739856
vt 0.452858 -0.747777
vt 0.452858 -0.557319
vt 0.482705 -0.592054
vt 0.479062 -0.739856
vt 0.452858 -0.747777
vt 0.330933 -0.592054
vt 0.330933 -0.715371
vt 0.490609 -0.592054
vt 0.490609 -0.715371
vt 0.490609 -0.592054
vt 0.490609 -0.715371
vt 0.612533 -0.747777
vt 0.612533 -0.557319
vt 0.612533 -0.557319
vt 0.612533 -0.747777
vt 0.688463 -0.298226
vt 0.650270 -0.298209
vt 0.688491 -0.298209
vt 0.688491 -0.342198
vt 0.232111 -0.804039
vt 0.238372 -0.832278
vt 0.229161 -0.832278
vt 0.229161 -0.747897
vt 0.232111 -0.767500
vt 0.638642 -0.342198
vt 0.638642 -0.795150
vt 0.834384 -0.795150
vt 0.040410 -0.274241
vt 0.834381 -0.309699
vt 0.481118 -0.873406
vt 0.481118 -0.998716
vt 0.001643 -0.998716
vt 0.834384 -0.309699
vt 0.017015 -0.832664
vt 0.017015 -0.804278
vt 0.044910 -0.557321
vt 0.501721 -0.871660
vt 0.501721 -0.897575
vt 0.522681 -0.897575
vt 0.522681 -0.883758
vt 0.547233 -0.883758
vt 0.725122 -0.883758
vt 0.640104 -0.298259
vt 0.122471 -0.701390
vt 0.122424 -0.592054
vt 0.113165 -0.592054
vt 0.189340 -0.701363
vt 0.198517 -0.592054
vt 0.189506 -0.592055
vt 0.613896 -0.953566
vt 0.613896 -0.963293
vt 0.739125 -0.963293
vt 0.739125 -0.953566
vt 0.581856 -0.945049
vt 0.581856 -0.963293
vt 0.596611 -0.963293
vt 0.596611 -0.953566
vt 0.122471 -0.701390
vt 0.122424 -0.592054
vt 0.113165 -0.592054
vt 0.189340 -0.701363
vt 0.198517 -0.592054
vt 0.189506 -0.592055
vt 0.231122 -0.741707
vt 0.227082 -0.747777
vt 0.105261 -0.592054
vt 0.113165 -0.592054
vt 0.113165 -0.715371
vt 0.101617 -0.739856
vt 0.078572 -0.741707
vt 0.082629 -0.747777
vt 0.225904 -0.569223
vt 0.231122 -0.574244
vt 0.078572 -0.574244
vt 0.083622 -0.569223
vt 0.225904 -0.557319
vt 0.083622 -0.557319
vt 0.576054 -0.579481
vt 0.612627 -0.557319
vt 0.423292 -0.592054
vt 0.490623 -0.579481
vt 0.452872 -0.557319
vt 0.583023 -0.592054
vt 0.582954 -0.592054
vt 0.482719 -0.592054
vt 0.482730 -0.592054
vt 0.571651 -0.981837
vt 0.616625 -0.981837
vt 0.616619 -0.985165
vt 0.571651 -0.985166
vt 0.629294 -0.988083
vt 0.623887 -0.981837
vt 0.629294 -0.981837
vt 0.623887 -0.985166
vt 0.122471 -0.701390
vt 0.189340 -0.701363
vt 0.113165 -0.592054
vt 0.122424 -0.592054
vt 0.189506 -0.592055
vt 0.198517 -0.592054
vt 0.644101 -0.991178
vt 0.016259 -0.557319
vt 0.546746 -0.987385
vt 0.546746 -0.991178
vt 0.726761 -0.987820
vt 0.746169 -0.987820
vt 0.746169 -0.963822
vt 0.726761 -0.975026
vt 0.704026 -0.975026
vt 0.539301 -0.975026
vt 0.539301 -0.987820
vt 0.704026 -0.987820
vt 0.543688 -0.939674
vt 0.701831 -0.939674
vt 0.701831 -0.927391
vt 0.543688 -0.927391
vt 0.742291 -0.916635
vt 0.723657 -0.939674
vt 0.742291 -0.939674
vt 0.723657 -0.927391
vt 0.122471 -0.701390
vt 0.189340 -0.701363
vt 0.113165 -0.592054
vt 0.122424 -0.592054
vt 0.189506 -0.592055
vt 0.198517 -0.592054
vt 0.122471 -0.701390
vt 0.189340 -0.701363
vt 0.113165 -0.592054
vt 0.122424 -0.592054
vt 0.189506 -0.592055
vt 0.198517 -0.592054
vt 0.547410 -0.869491
vt 0.718717 -0.869491
vt 0.718717 -0.856185
vt 0.547410 -0.856185
vt 0.742361 -0.869491
vt 0.762545 -0.869491
vt 0.762545 -0.844534
vt 0.742361 -0.856185
vt 0.122471 -0.701390
vt 0.189340 -0.701363
vt 0.113165 -0.592054
vt 0.122424 -0.592054
vt 0.189506 -0.592055
vt 0.198517 -0.592054
vt 0.547233 -0.897575
vt 0.725122 -0.897575
vt 0.152774 -0.534324
vt 0.225952 -0.536205
vt 0.083694 -0.536205
vt 0.219839 -0.506470
vt 0.231169 -0.529297
vt 0.088703 -0.506470
vt 0.078645 -0.529297
vt 0.211716 -0.329670
vt 0.216837 -0.329670
vt 0.156149 -0.506482
vt 0.149439 -0.491144
vt 0.152211 -0.491144
vt 0.156149 -0.506482
vt 0.149439 -0.506482
vt 0.093626 -0.329670
vt 0.096753 -0.337960
vt 0.096753 -0.491122
vt 0.089008 -0.329670
vt 0.209445 -0.491122
vt 0.209445 -0.337960
vt 0.226598 -0.287433
vt 0.231169 -0.292170
vt 0.078645 -0.292170
vt 0.082257 -0.287433
vt 0.092600 -0.287573
vt 0.213400 -0.287573
vt 0.213400 -0.274252
vt 0.226598 -0.274252
vt 0.209069 -0.314670
vt 0.209069 -0.292843
vt 0.082257 -0.274252
vt 0.092600 -0.274252
vt 0.097535 -0.292843
vt 0.097535 -0.314670
vt 0.690193 -0.986128
vt 0.690193 -0.988302
vt 0.030257 -0.329668
vt 0.030257 -0.333818
vt 0.030257 -0.329668
vt 0.030257 -0.329668
vt 0.030257 -0.333818
vt 0.030257 -0.329668
vt 0.030257 -0.329668
vt 0.023542 -0.466429
vt 0.026316 -0.466429
vt 0.030257 -0.329668
vt 0.023542 -0.466429
vt 0.026316 -0.466429
vt 0.030257 -0.329668
vt 0.023542 -0.466429
vt 0.026316 -0.466429
vt 0.030257 -0.329668
vt 0.023542 -0.466429
vt 0.026316 -0.466429
vt 0.572132 -0.986128
vt 0.573549 -0.981837
vt 0.620690 -0.981837
vt 0.620690 -0.986128
vt 0.552984 -0.988159
vt 0.552984 -0.981837
vt 0.556488 -0.981837
vt 0.575200 -0.986128
vt 0.573553 -0.986128
vt 0.573549 -0.981837
vt 0.620690 -0.981837
vt 0.620690 -0.986128
vt 0.552984 -0.988159
vt 0.552984 -0.981837
vt 0.556488 -0.981837
vt 0.556580 -0.986128
vt 0.573553 -0.986128
vt 0.573549 -0.981837
vt 0.620690 -0.981837
vt 0.620690 -0.986128
vt 0.552984 -0.981837
vt 0.556488 -0.981837
vt 0.556580 -0.986128
vt 0.552984 -0.988159
vt 0.573553 -0.986128
vt 0.573549 -0.981837
vt 0.620690 -0.981837
vt 0.620690 -0.986128
vt 0.552984 -0.981837
vt 0.556488 -0.981837
vt 0.556580 -0.986128
vt 0.552984 -0.988159
vt 0.620690 -0.981837
vt 0.573549 -0.981837
vt 0.573553 -0.986128
vt 0.620690 -0.986128
vt 0.556580 -0.986128
vt 0.556488 -0.981837
vt 0.552984 -0.981837
vt 0.552984 -0.988159
vt 0.620690 -0.981837
vt 0.573549 -0.981837
vt 0.573553 -0.986128
vt 0.620690 -0.986128
vt 0.552984 -0.988159
vt 0.556580 -0.986128
vt 0.556488 -0.981837
vt 0.552984 -0.981837
vt 0.117903 -0.466407
vt 0.117903 -0.466407
vt 0.117903 -0.466407
vt 0.117903 -0.466407
vt 0.117903 -0.466407
vt 0.117903 -0.466407
vt 0.891866 -0.003957
vt 0.923950 -0.003957
vt 0.891866 -0.205725
vt 0.923950 -0.205725
vt 0.346002 -0.035748
vt 0.293445 -0.035748
vt 0.293445 -0.042520
vt 0.351332 -0.042520
vt 0.351332 -0.035748
vt 0.346002 -0.028997
vt 0.293836 -0.050208
vt 0.293836 -0.043437
vt 0.293257 -0.033961
vt 0.452933 -0.033961
vt 0.452933 -0.040712
vt 0.298586 -0.040712
vt 0.306401 -0.506495
vt 0.429436 -0.329664
vt 0.434557 -0.329664
vt 0.466078 -0.506495
vt 0.589113 -0.329664
vt 0.594234 -0.329664
vt 0.589113 -0.329664
vt 0.594234 -0.329664
vt 0.466078 -0.506495
vt 0.530160 -0.534354
vt 0.452860 -0.536235
vt 0.466078 -0.506495
vt 0.370483 -0.534354
vt 0.306401 -0.506495
vt 0.311325 -0.329664
vt 0.314452 -0.337955
vt 0.314452 -0.491144
vt 0.471002 -0.329664
vt 0.474129 -0.337955
vt 0.474129 -0.491144
vt 0.427165 -0.491144
vt 0.427165 -0.337955
vt 0.586842 -0.491144
vt 0.586842 -0.337955
vt 0.471002 -0.329664
vt 0.474129 -0.337955
vt 0.474129 -0.491144
vt 0.594234 -0.329664
vt 0.474129 -0.491144
vt 0.474129 -0.337955
vt 0.471002 -0.329664
vt 0.586842 -0.491144
vt 0.586842 -0.337955
vt 0.434557 -0.329664
vt 0.149439 -0.491144
vt 0.152211 -0.491144
vt 0.156149 -0.506482
vt 0.149439 -0.506482
vt 0.149439 -0.491144
vt 0.152211 -0.491144
vt 0.156149 -0.506482
vt 0.149439 -0.506482
vt 0.149439 -0.491144
vt 0.152211 -0.491144
vt 0.156149 -0.506482
vt 0.149439 -0.506482
vt 0.314452 -0.491144
vt 0.314452 -0.337955
vt 0.311325 -0.329664
vt 0.310298 -0.287560
vt 0.293182 -0.274236
vt 0.310298 -0.274236
vt 0.315234 -0.292830
vt 0.315234 -0.314661
vt 0.426788 -0.314661
vt 0.426788 -0.292830
vt 0.431120 -0.287560
vt 0.469975 -0.287560
vt 0.474912 -0.292830
vt 0.474912 -0.314661
vt 0.469975 -0.287560
vt 0.474912 -0.292830
vt 0.474912 -0.314661
vt 0.586465 -0.314661
vt 0.586465 -0.292830
vt 0.590798 -0.287560
vt 0.586465 -0.314661
vt 0.586465 -0.292830
vt 0.590798 -0.287560
vt 0.586465 -0.292830
vt 0.586465 -0.314661
vt 0.590798 -0.287560
vt 0.474912 -0.314661
vt 0.474912 -0.292830
vt 0.426788 -0.292830
vt 0.426788 -0.314661
vt 0.431120 -0.287560
vt 0.306705 -0.329664
vt 0.315234 -0.314661
vt 0.315234 -0.292830
vt 0.431120 -0.274236
vt 0.431120 -0.274236
vt 0.469975 -0.274236
vt 0.469975 -0.274236
vt 0.590798 -0.274236
vt 0.612537 -0.274236
vt 0.612537 -0.274236
vt 0.590798 -0.274236
vt 0.590798 -0.274236
vt 0.638672 -0.965808
vt 0.638672 -0.961516
vt 0.650383 -0.961516
vt 0.650383 -0.967982
vt 0.637853 -0.965808
vt 0.637853 -0.961516
vt 0.649564 -0.961516
vt 0.649564 -0.967982
vt 0.637853 -0.965808
vt 0.637853 -0.961516
vt 0.649564 -0.961516
vt 0.649564 -0.967982
vt 0.649564 -0.967982
vt 0.637853 -0.965808
vt 0.650383 -0.967982
vt 0.638672 -0.965808
vt 0.649564 -0.961516
vt 0.637853 -0.961516
vt 0.650383 -0.961516
vt 0.638672 -0.961516
vt 0.416281 -0.063965
vt 0.447553 -0.036800
vt 0.452496 -0.028681
vt 0.417391 -0.028681
vt 0.417391 -0.033717
vt 0.417391 -0.033717
vt 0.452496 -0.036800
vt 0.417391 -0.033717
vt 0.452496 -0.036800
vt 0.417391 -0.028681
vt 0.452496 -0.028681
vt 0.417391 -0.033717
vt 0.452496 -0.036800
vt 0.417391 -0.028681
vt 0.452496 -0.028681
vt 0.297413 -0.036800
vt 0.297413 -0.028681
vt 0.332937 -0.028681
vt 0.332937 -0.033717
vt 0.417391 -0.028681
vt 0.452496 -0.028681
vt 0.624785 -0.961516
vt 0.628394 -0.961516
vt 0.628395 -0.966512
vt 0.624785 -0.964193
vt 0.575699 -0.963141
vt 0.572919 -0.964193
vt 0.628395 -0.966512
vt 0.628394 -0.961516
vt 0.624785 -0.961516
vt 0.624785 -0.964193
vt 0.566724 -0.964193
vt 0.566724 -0.961516
vt 0.563111 -0.961516
vt 0.563110 -0.966513
vt 0.572919 -0.964193
vt 0.575699 -0.963141
vt 0.563110 -0.966513
vt 0.563111 -0.961516
vt 0.566724 -0.961516
vt 0.566724 -0.964193
vt 0.628395 -0.966512
vt 0.624785 -0.964193
vt 0.624785 -0.961516
vt 0.628394 -0.961516
vt 0.572919 -0.964193
vt 0.575699 -0.963141
vt 0.628395 -0.966512
vt 0.563110 -0.966513
vt 0.563111 -0.961516
vt 0.566724 -0.961516
vt 0.566724 -0.964193
vt 0.624785 -0.964193
vt 0.624785 -0.961516
vt 0.628394 -0.961516
vt 0.572919 -0.964193
vt 0.575699 -0.963141
vt 0.628395 -0.966512
vt 0.563110 -0.966513
vt 0.566724 -0.964193
vt 0.624785 -0.964193
vt 0.624785 -0.961516
vt 0.628394 -0.961516
vt 0.572919 -0.964193
vt 0.575699 -0.963141
vt 0.563110 -0.966513
vt 0.566724 -0.964193
vt 0.563111 -0.961516
vt 0.566724 -0.961516
vt 0.563111 -0.961516
vt 0.566724 -0.961516
vt 0.559587 -0.310062
vt 0.492789 -0.310062
vt 0.492789 -0.299301
vt 0.518010 -0.310062
vt 0.492789 -0.310062
vt 0.492789 -0.299301
vt 0.492789 -0.310062
vt 0.518010 -0.310062
vt 0.492789 -0.299301
vt 0.492789 -0.310062
vt 0.518010 -0.310062
vt 0.492789 -0.299301
vt 0.492789 -0.310062
vt 0.518010 -0.310062
vt 0.271576 -0.833629
vt 0.245643 -0.833629
vt 0.245643 -0.535233
vt 0.502897 -0.833629
vt 0.611817 -0.833629
vt 0.296021 -0.833629
vt 0.611817 -0.833629
vt 0.611817 0.000000
vt 0.495875 -0.833629
vt 0.611817 -0.833629
vt 0.611817 -0.535240
vt 0.582799 -0.833629
vt 0.611817 -0.253136
vt 0.611817 -0.833629
vt 0.611817 0.000000
vt 0.782484 -0.883036
vt 0.782483 -0.985290
vt 0.489039 -0.997309

# Faces
g Rectangle02_01_-_Default_0
usemtl 01_-_Default
# MOO:NODEID:4333731574
f 1/1 2/2 3/3 
f 4/4 5/5 6/6 
f 7/7 8/8 9/9 
f 9/9 4/10 7/7 
f 10/11 9/12 11/13 
f 12/14 13/15 14/16 
f 14/16 15/17 12/14 
f 16/18 17/19 18/20 
f 18/20 19/21 16/18 
f 20/22 21/23 22/24 
f 23/25 24/26 25/27 
f 25/27 26/28 23/25 
f 27/29 18/30 17/19 
f 17/19 28/31 27/29 
f 29/32 30/33 31/34 
f 31/34 32/35 29/32 
f 33/36 34/37 35/38 
f 36/39 37/40 38/41 
f 38/41 39/42 36/39 
f 33/36 39/42 38/41 
f 38/41 40/43 33/36 
f 41/44 42/45 43/46 
f 43/46 44/47 41/44 
f 29/32 45/48 12/14 
f 12/14 30/33 29/32 
f 26/28 25/27 13/15 
f 13/15 46/49 26/28 
f 22/24 47/50 37/40 
f 37/40 36/39 22/24 
f 48/51 28/52 17/19 
f 21/53 31/54 30/55 
f 30/55 22/56 21/53 
f 22/57 30/58 12/59 
f 12/59 47/60 22/57 
f 47/61 12/62 15/63 
f 15/63 37/64 47/61 
f 37/65 15/66 14/67 
f 14/67 38/68 37/65 
f 38/69 14/70 13/71 
f 13/71 40/72 38/69 
f 40/73 13/74 25/75 
f 25/75 33/76 40/73 
f 33/77 25/78 24/79 
f 24/79 34/80 33/77 
f 27/81 49/82 18/83 
f 43/84 23/85 26/86 
f 26/86 44/87 43/84 
f 46/88 45/89 41/90 
f 41/90 44/91 46/88 
f 41/92 29/93 32/94 
f 32/94 42/95 41/92 
f 35/96 19/97 18/83 
f 16/98 20/99 17/19 
f 50/100 51/101 52/102 
f 52/102 53/103 50/100 
f 42/104 54/105 55/106 
f 55/106 43/107 42/104 
f 43/107 55/106 56/108 
f 56/108 23/109 43/107 
f 54/110 53/111 52/112 
f 52/112 55/113 54/110 
f 55/114 52/115 51/116 
f 51/116 56/117 55/114 
f 56/118 51/119 50/120 
f 50/120 57/121 56/118 
f 57/122 50/123 53/124 
f 53/124 54/125 57/122 
f 49/126 58/127 35/38 
f 35/38 18/128 49/126 
f 59/129 60/130 61/131 
f 61/131 62/132 59/129 
f 63/133 20/22 22/24 
f 22/24 36/39 63/133 
f 60/134 64/135 65/136 
f 65/136 61/137 60/134 
f 66/138 28/139 48/140 
f 48/140 63/141 66/138 
f 64/142 67/143 66/144 
f 66/144 65/145 64/142 
f 68/146 69/147 70/148 
f 70/148 71/149 68/146 
f 72/150 73/151 74/152 
f 74/152 75/153 72/150 
f 76/154 77/155 78/156 
f 78/156 79/157 76/154 
f 80/158 81/159 77/155 
f 82/160 83/161 84/162 
f 85/163 81/159 86/164 
f 86/164 87/165 85/163 
f 88/166 89/167 86/168 
f 90/169 91/170 92/171 
f 92/171 93/172 90/169 
f 94/173 90/169 95/174 
f 95/174 96/175 94/173 
f 80/158 97/176 98/177 
f 98/177 81/159 80/158 
f 99/178 87/165 86/164 
f 86/164 100/179 99/178 
f 101/180 93/172 92/171 
f 92/171 102/181 101/180 
f 103/182 96/175 95/174 
f 95/174 104/183 103/182 
f 97/176 105/184 106/185 
f 106/185 98/177 97/176 
f 107/186 99/178 100/179 
f 100/179 108/187 107/186 
f 109/188 101/180 102/181 
f 102/181 110/189 109/188 
f 111/190 103/182 104/183 
f 104/183 109/188 111/190 
f 105/184 112/191 108/187 
f 108/187 106/185 105/184 
f 113/192 114/193 115/194 
f 115/194 116/195 113/192 
f 117/196 118/197 119/198 
f 119/198 120/199 117/196 
f 72/200 75/201 70/202 
f 70/202 121/203 72/200 
f 122/204 123/205 124/206 
f 124/206 125/207 122/204 
f 126/208 127/209 128/210 
f 129/211 130/212 131/213 
f 131/213 132/214 129/211 
f 133/215 134/216 128/210 
f 134/217 133/218 135/219 
f 135/219 136/220 134/217 
f 136/221 135/222 130/212 
f 130/212 129/211 136/221 
f 137/223 138/224 139/225 
f 125/226 124/227 140/228 
f 73/229 141/230 79/231 
f 79/231 74/232 73/229 
f 88/233 81/234 98/235 
f 98/235 89/236 88/233 
f 89/237 98/238 106/239 
f 108/240 142/241 106/239 
f 143/242 144/243 112/244 
f 112/244 145/245 143/242 
f 145/245 112/244 105/246 
f 105/246 146/247 145/245 
f 146/247 105/246 97/248 
f 97/248 147/249 146/247 
f 147/249 97/248 148/250 
f 148/250 149/251 147/249 
f 150/252 85/253 87/254 
f 87/254 151/255 150/252 
f 151/256 87/257 99/258 
f 99/258 152/259 151/256 
f 152/260 99/261 107/262 
f 107/262 122/263 152/260 
f 122/264 107/265 153/266 
f 153/266 123/267 122/264 
f 142/241 108/240 100/268 
f 81/269 88/270 86/271 
f 154/272 90/273 93/274 
f 93/274 155/275 154/272 
f 155/276 93/277 101/278 
f 109/279 156/280 101/278 
f 157/281 158/282 110/283 
f 110/283 159/284 157/281 
f 159/284 110/283 102/285 
f 91/286 160/287 92/288 
f 161/289 94/290 96/291 
f 96/291 162/292 161/289 
f 162/293 96/294 103/295 
f 103/295 163/296 162/293 
f 163/297 103/298 111/299 
f 111/299 164/300 163/297 
f 164/301 111/302 165/303 
f 165/303 166/304 164/301 
f 156/280 109/279 104/305 
f 90/306 154/307 95/308 
f 153/309 158/310 157/311 
f 157/311 123/312 153/309 
f 113/313 167/314 168/315 
f 168/315 114/316 113/313 
f 169/317 82/318 84/319 
f 84/319 170/320 169/317 
f 170/321 84/322 144/323 
f 144/323 143/324 170/321 
f 115/325 171/326 120/327 
f 120/327 116/328 115/325 
f 150/329 160/330 91/331 
f 91/331 85/332 150/329 
f 108/187 153/333 107/186 
f 109/188 165/334 111/190 
f 154/335 155/336 95/337 
f 172/338 173/339 174/340 
f 174/340 175/341 172/338 
f 174/340 176/342 175/341 
f 85/163 91/170 78/156 
f 78/156 77/155 85/163 
f 78/156 90/169 94/173 
f 177/343 178/344 121/345 
f 121/345 179/346 177/343 
f 180/347 181/348 182/349 
f 182/349 183/350 180/347 
f 184/351 217/352 185/353 
f 185/353 141/354 184/351 
f 186/355 187/356 169/357 
f 169/357 170/358 186/355 
f 183/359 72/360 180/361 
f 188/362 189/363 190/364 
f 190/364 191/365 188/362 
f 192/366 193/367 194/368 
f 190/369 195/370 196/371 
f 196/371 191/372 190/369 
f 197/373 198/374 194/368 
f 198/375 197/376 199/377 
f 199/377 189/378 198/375 
f 189/379 199/380 195/370 
f 195/370 190/369 189/379 
f 188/381 200/382 201/383 
f 202/384 203/385 204/386 
f 181/387 184/388 141/389 
f 141/389 73/390 181/387 
f 205/391 186/392 170/393 
f 170/393 143/394 205/391 
f 206/395 207/396 208/397 
f 208/397 209/398 206/395 
f 217/352 210/399 148/400 
f 148/400 185/353 217/352 
f 210/401 211/402 149/403 
f 149/403 148/404 210/401 
f 69/405 68/406 179/407 
f 179/407 121/408 69/405 
f 182/409 73/410 72/411 
f 72/411 183/412 182/409 
f 77/413 76/414 141/415 
f 141/415 185/416 77/413 
f 147/417 149/418 145/419 
f 145/419 146/420 147/417 
f 181/387 73/390 182/421 
f 79/231 141/230 76/422 
f 178/423 180/361 72/360 
f 72/360 121/424 178/423 
f 121/203 70/202 69/425 
f 80/426 77/413 185/416 
f 185/416 148/250 80/426 
f 148/250 97/248 80/426 
f 145/419 188/362 201/427 
f 201/427 143/428 145/419 
f 194/429 198/430 202/431 
f 202/431 192/432 194/429 
f 167/433 84/162 83/161 
f 83/161 168/434 167/433 
f 212/435 213/436 178/344 
f 178/344 177/343 212/435 
f 214/437 215/438 181/348 
f 181/348 180/347 214/437 
f 217/352 184/351 216/439 
f 218/440 219/441 187/356 
f 187/356 186/355 218/440 
f 178/423 213/442 214/443 
f 214/443 180/361 178/423 
f 220/444 221/445 222/446 
f 222/446 223/447 220/444 
f 224/448 225/449 226/450 
f 222/451 227/452 228/453 
f 228/453 223/454 222/451 
f 229/455 230/456 226/450 
f 230/457 229/458 231/459 
f 231/459 221/460 230/457 
f 221/461 231/462 227/452 
f 227/452 222/451 221/461 
f 220/463 232/464 233/465 
f 234/466 235/467 236/468 
f 215/469 216/470 184/471 
f 184/471 181/472 215/469 
f 237/473 218/474 186/475 
f 186/475 205/476 237/473 
f 238/477 239/478 240/479 
f 240/479 241/480 238/477 
f 217/352 242/481 210/399 
f 242/482 243/483 211/484 
f 211/484 210/485 242/482 
f 226/486 230/487 234/488 
f 234/488 224/489 226/486 
f 162/490 163/491 164/492 
f 164/492 161/493 162/490 
f 78/494 74/495 79/496 
f 119/497 116/498 120/499 
f 248/500 244/501 245/502 
f 245/502 246/503 248/500 
f 247/504 244/505 248/500 
f 251/506 252/507 249/508 
f 249/508 250/509 251/506 
f 249/508 254/510 253/511 
f 255/512 256/513 257/514 
f 257/514 258/515 255/512 
f 245/516 259/517 246/503 
f 67/518 64/519 260/520 
f 260/520 261/521 67/518 
f 245/522 252/523 262/524 
f 262/524 263/525 245/522 
f 253/526 254/527 256/528 
f 256/528 255/529 253/526 
f 254/530 244/531 257/532 
f 257/532 256/533 254/530 
f 244/534 247/535 258/536 
f 258/536 257/537 244/534 
f 247/538 253/539 255/540 
f 255/540 258/541 247/538 
f 251/542 250/543 39/544 
f 39/544 58/545 251/542 
f 246/546 259/547 60/548 
f 60/548 59/549 246/546 
f 64/550 60/551 259/552 
f 259/552 260/553 64/550 
f 262/554 261/555 260/556 
f 260/556 263/557 262/554 
f 262/558 252/559 251/560 
f 251/560 261/561 262/558 
f 264/562 265/563 266/564 
f 10/565 11/566 267/567 
f 267/567 268/568 10/565 
f 11/566 269/569 267/567 
f 249/570 253/571 270/572 
f 268/573 267/574 271/575 
f 271/575 272/576 268/573 
f 270/577 273/578 274/579 
f 274/579 275/580 270/577 
f 274/581 276/582 277/583 
f 277/583 275/584 274/581 
f 271/585 267/586 269/587 
f 269/588 270/589 275/590 
f 277/591 265/592 264/593 
f 264/593 275/594 277/591 
f 278/595 279/596 280/597 
f 280/597 281/598 278/595 
f 282/599 283/600 284/601 
f 284/601 285/602 282/599 
f 286/603 287/604 288/605 
f 289/606 290/607 291/608 
f 291/608 292/609 289/606 
f 293/610 294/611 283/600 
f 283/600 282/612 293/610 
f 295/613 296/614 297/615 
f 297/615 298/616 295/613 
f 299/617 300/618 301/619 
f 302/620 303/621 304/622 
f 304/622 305/623 302/620 
f 299/617 306/624 304/622 
f 304/622 303/621 299/617 
f 307/625 308/626 309/627 
f 309/627 310/628 307/625 
f 295/613 298/616 280/597 
f 280/597 311/629 295/613 
f 290/607 312/630 279/596 
f 279/596 291/608 290/607 
f 287/604 302/620 305/623 
f 305/623 313/631 287/604 
f 283/600 294/632 314/633 
f 288/634 287/635 298/636 
f 298/636 297/637 288/634 
f 287/638 313/639 280/640 
f 280/640 298/641 287/638 
f 313/642 305/643 281/644 
f 281/644 280/645 313/642 
f 305/646 304/647 278/648 
f 278/648 281/649 305/646 
f 304/650 306/651 279/652 
f 279/652 278/653 304/650 
f 306/654 299/655 291/656 
f 291/656 279/657 306/654 
f 299/658 301/659 292/660 
f 292/660 291/661 299/658 
f 282/662 315/663 293/664 
f 307/665 310/666 290/667 
f 290/667 289/668 307/665 
f 310/669 312/670 290/671 
f 309/672 308/673 296/674 
f 296/674 295/675 309/672 
f 282/662 285/676 300/677 
f 283/600 286/678 284/679 
f 316/680 317/681 318/682 
f 318/682 319/683 316/680 
f 308/684 307/685 320/686 
f 320/686 321/687 308/684 
f 307/685 289/688 322/689 
f 322/689 320/686 307/685 
f 321/690 320/691 318/692 
f 318/692 317/693 321/690 
f 320/694 322/695 319/696 
f 319/696 318/697 320/694 
f 322/698 323/699 316/700 
f 316/700 319/701 322/698 
f 323/702 321/703 317/704 
f 317/704 316/705 323/702 
f 315/706 282/707 300/618 
f 300/618 324/708 315/706 
f 325/709 326/710 327/711 
f 327/711 328/712 325/709 
f 286/603 283/600 314/713 
f 314/713 329/714 286/603 
f 315/715 324/716 330/717 
f 330/717 293/718 315/715 
f 331/719 332/720 333/721 
f 333/721 328/722 331/719 
f 331/723 334/724 335/725 
f 335/725 330/726 331/723 
f 176/727 250/509 249/508 
f 249/508 336/728 176/727 
f 206/729 36/730 39/731 
f 39/731 337/732 206/729 
f 250/733 176/734 338/735 
f 337/736 39/544 250/543 
f 250/543 338/737 337/736 
f 238/738 339/739 36/730 
f 36/730 206/729 238/738 
f 71/740 340/741 179/742 
f 179/742 68/743 71/740 
f 70/744 75/745 340/746 
f 340/746 71/747 70/744 
f 341/748 342/749 343/750 
f 343/750 344/751 341/748 
f 345/752 346/753 347/754 
f 347/754 348/755 345/752 
f 349/756 350/757 351/758 
f 351/758 352/759 349/756 
f 353/760 354/761 355/762 
f 355/762 356/763 353/760 
f 357/764 358/765 359/766 
f 359/766 360/767 357/764 
f 361/768 360/767 362/769 
f 363/770 364/771 365/772 
f 366/773 367/774 368/775 
f 368/775 369/776 366/773 
f 370/777 371/778 372/779 
f 372/779 362/769 370/777 
f 373/780 372/781 374/782 
f 375/783 376/784 377/785 
f 377/785 378/786 375/783 
f 379/787 380/788 381/789 
f 381/789 375/783 379/787 
f 382/790 383/791 384/792 
f 384/792 385/793 382/790 
f 386/794 387/795 388/796 
f 388/796 389/797 386/794 
f 361/768 362/769 390/798 
f 390/798 391/799 361/768 
f 392/800 393/801 372/779 
f 372/779 371/778 392/800 
f 394/802 395/803 377/785 
f 377/785 376/784 394/802 
f 396/804 397/805 381/789 
f 381/789 380/788 396/804 
f 391/799 390/798 398/806 
f 398/806 399/807 391/799 
f 400/808 401/809 393/801 
f 393/801 392/800 400/808 
f 402/810 403/811 395/803 
f 395/803 394/802 402/810 
f 404/812 402/810 397/805 
f 397/805 396/804 404/812 
f 399/807 398/806 401/809 
f 401/809 405/813 399/807 
f 406/814 407/815 408/816 
f 408/816 409/817 406/814 
f 410/818 411/819 412/820 
f 412/820 413/821 410/818 
f 414/822 415/823 416/824 
f 416/824 417/825 414/822 
f 416/826 415/823 418/827 
f 418/827 419/828 416/826 
f 363/770 365/772 420/829 
f 420/829 421/830 363/770 
f 365/772 422/831 423/832 
f 423/832 424/833 365/772 
f 425/834 416/826 426/835 
f 426/835 427/836 425/834 
f 428/837 429/838 430/839 
f 430/839 431/840 428/837 
f 408/816 432/841 433/842 
f 433/842 409/817 408/816 
f 434/843 435/844 431/840 
f 431/840 436/845 434/843 
f 419/828 418/827 429/838 
f 429/838 428/837 419/828 
f 421/830 420/829 437/846 
f 437/846 438/847 421/830 
f 424/833 423/832 433/842 
f 433/842 432/841 424/833 
f 427/836 426/835 435/844 
f 435/844 434/843 427/836 
f 439/848 440/849 441/850 
f 441/850 442/851 439/848 
f 353/852 443/853 351/854 
f 351/854 354/855 353/852 
f 444/856 445/857 446/858 
f 446/858 447/859 444/856 
f 447/859 446/858 441/850 
f 441/850 440/849 447/859 
f 450/860 445/857 444/856 
f 444/856 451/861 450/860 
f 452/862 383/863 453/864 
f 453/864 454/865 452/862 
f 455/866 432/867 456/868 
f 457/869 438/847 437/846 
f 437/846 408/816 457/869 
f 383/870 458/871 453/872 
f 459/873 460/874 461/875 
f 461/875 382/876 459/873 
f 389/877 388/878 462/879 
f 462/879 463/880 389/877 
f 388/881 387/882 464/883 
f 464/883 462/884 388/881 
f 387/885 386/886 465/887 
f 465/887 464/888 387/885 
f 383/870 452/889 384/890 
f 452/891 466/892 385/893 
f 385/893 384/894 452/891 
f 466/895 459/873 382/876 
f 382/876 385/896 466/895 
f 467/897 366/898 369/899 
f 454/900 368/901 367/902 
f 454/903 453/904 458/905 
f 458/905 368/906 454/903 
f 356/907 355/908 358/909 
f 358/909 468/910 356/907 
f 373/911 374/912 390/913 
f 390/913 362/914 373/911 
f 398/915 390/916 374/917 
f 398/915 469/918 401/919 
f 470/920 471/921 405/922 
f 405/922 472/923 470/920 
f 471/921 473/924 399/925 
f 399/925 405/922 471/921 
f 473/924 474/926 391/927 
f 391/927 399/925 473/924 
f 474/926 475/928 476/929 
f 476/929 391/927 474/926 
f 477/930 478/931 371/932 
f 371/932 370/933 477/930 
f 478/934 479/935 392/936 
f 392/936 371/937 478/934 
f 479/938 480/939 400/940 
f 400/940 392/941 479/938 
f 480/942 481/943 482/944 
f 482/944 400/945 480/942 
f 393/946 401/919 469/918 
f 372/947 373/948 362/949 
f 483/950 484/951 376/952 
f 376/952 375/953 483/950 
f 394/954 376/955 484/956 
f 394/954 485/957 402/958 
f 486/959 487/960 403/961 
f 403/961 488/962 486/959 
f 395/963 403/961 487/960 
f 377/964 489/965 378/966 
f 490/967 491/968 380/969 
f 380/969 379/970 490/967 
f 491/971 492/972 396/973 
f 396/973 380/974 491/971 
f 492/975 493/976 404/977 
f 404/977 396/978 492/975 
f 493/979 494/980 495/981 
f 495/981 404/982 493/979 
f 397/983 402/958 485/957 
f 381/984 483/985 375/986 
f 486/987 488/988 482/989 
f 482/989 481/990 486/987 
f 410/991 413/992 422/993 
f 422/993 496/994 410/991 
f 497/995 498/996 364/997 
f 364/997 363/998 497/995 
f 470/999 472/1000 364/1001 
f 364/1001 498/1002 470/999 
f 412/1003 411/1004 417/1005 
f 417/1005 425/1006 412/1003 
f 499/1007 500/1008 436/1009 
f 436/1009 501/1010 499/1007 
f 434/1011 436/1009 500/1008 
f 427/1012 412/1003 425/1006 
f 418/1013 415/1014 494/980 
f 429/1015 502/1016 430/1017 
f 502/1016 503/1018 504/1019 
f 504/1019 430/1017 502/1016 
f 505/1020 506/1021 507/1022 
f 506/1021 508/1023 438/1024 
f 438/1024 457/1025 506/1021 
f 508/1023 509/1026 421/1027 
f 421/1027 438/1024 508/1023 
f 509/1026 497/995 363/998 
f 363/998 421/1027 509/1026 
f 420/1028 365/1029 510/1030 
f 420/1028 455/1031 437/1032 
f 455/1033 456/1034 408/1035 
f 408/1035 437/1036 455/1033 
f 432/1037 408/1038 456/1039 
f 432/1037 511/1040 424/1041 
f 511/1042 510/1043 365/1044 
f 365/1044 424/1045 511/1042 
f 423/1046 422/993 413/992 
f 433/1047 512/1048 409/1049 
f 512/1048 513/1050 406/1051 
f 406/1051 409/1049 512/1048 
f 514/1052 515/1053 440/1054 
f 440/1054 439/1055 514/1052 
f 447/1056 440/1054 515/1053 
f 447/1056 516/1057 444/1058 
f 516/1059 517/1060 451/1061 
f 451/1061 444/1062 516/1059 
f 449/1063 518/1064 445/1065 
f 445/1065 450/1066 449/1063 
f 446/1067 445/1068 518/1069 
f 446/1067 519/1070 441/1071 
f 519/1070 520/1072 442/1073 
f 442/1073 441/1071 519/1070 
f 521/1074 522/1075 448/1076 
f 524/1077 525/1078 523/1079 
f 526/1080 524/1077 523/1079 
f 526/1080 527/1081 528/1082 
f 529/1083 530/1084 531/1085 
f 531/1085 532/1086 529/1083 
f 530/1084 533/1087 534/1088 
f 534/1088 531/1085 530/1084 
f 536/1089 537/1090 535/1091 
f 536/1089 448/1076 522/1075 
f 538/1092 539/1093 503/1094 
f 503/1094 540/1095 538/1092 
f 477/1096 370/1097 378/1098 
f 378/1098 489/1099 477/1096 
f 401/809 482/1100 472/1101 
f 472/1101 405/813 401/809 
f 402/810 488/1102 403/811 
f 483/1103 381/1104 484/1105 
f 449/1106 450/1107 521/1108 
f 521/1108 448/1109 449/1106 
f 499/1110 501/1111 442/1112 
f 442/1112 520/1113 499/1110 
f 514/1114 439/1115 406/1116 
f 406/1116 513/1117 514/1114 
f 406/1116 538/1118 407/1119 
f 541/1120 428/1121 542/1122 
f 426/1123 416/1124 543/1125 
f 426/1123 541/1126 435/1127 
f 541/1128 542/1129 431/1130 
f 431/1130 435/1131 541/1128 
f 428/1132 431/1133 542/1134 
f 419/1135 543/1125 416/1124 
f 360/767 370/777 362/769 
f 359/766 379/787 375/783 
f 504/1136 501/1137 431/840 
f 431/840 430/839 504/1136 
f 544/1138 545/1139 443/1140 
f 443/1140 546/1141 544/1138 
f 547/1142 548/1143 549/1144 
f 549/1144 550/1145 547/1142 
f 551/1146 468/1147 552/1148 
f 552/1148 587/1149 551/1146 
f 553/1150 498/1151 497/1152 
f 497/1152 554/1153 553/1150 
f 548/1154 547/1155 353/1156 
f 555/1157 554/1158 556/1159 
f 557/1160 558/1161 475/1162 
f 475/1162 471/1163 557/1160 
f 560/1164 561/1165 559/1166 
f 562/1167 563/1168 564/1169 
f 564/1169 565/1170 562/1167 
f 560/1164 566/1171 567/1172 
f 566/1173 558/1174 568/1175 
f 568/1175 567/1176 566/1173 
f 558/1177 562/1167 565/1170 
f 565/1170 568/1178 558/1177 
f 557/1179 569/1180 570/1181 
f 571/1182 572/1183 573/1184 
f 550/1185 356/1186 468/1187 
f 468/1187 551/1188 550/1185 
f 574/1189 470/1190 498/1191 
f 498/1191 553/1192 574/1189 
f 575/1193 507/1194 303/621 
f 303/621 302/620 575/1193 
f 576/1195 577/1196 578/1197 
f 578/1197 575/1198 576/1195 
f 587/1149 552/1148 476/1199 
f 476/1199 579/1200 587/1149 
f 579/1201 476/1202 475/1203 
f 475/1203 580/1204 579/1201 
f 352/1205 443/1206 545/1207 
f 545/1207 349/1208 352/1205 
f 549/1209 548/1210 353/1211 
f 353/1211 356/1212 549/1209 
f 360/1213 552/1214 468/1215 
f 468/1215 357/1216 360/1213 
f 474/1217 473/1218 471/1163 
f 471/1163 475/1162 474/1217 
f 509/1219 508/1220 506/1221 
f 506/1221 497/1222 509/1219 
f 540/1223 407/1224 538/1225 
f 550/1185 549/1226 356/1186 
f 358/909 357/1227 468/910 
f 546/1228 443/1229 353/1156 
f 353/1156 547/1155 546/1228 
f 443/853 352/1230 351/854 
f 361/1231 476/929 552/1214 
f 552/1214 360/1213 361/1231 
f 476/929 361/1231 391/927 
f 471/1163 470/1232 569/1233 
f 569/1233 557/1160 471/1163 
f 571/1234 573/1235 574/1236 
f 560/1237 559/1238 571/1234 
f 571/1234 566/1239 560/1237 
f 496/1240 422/831 365/772 
f 365/772 364/771 496/1240 
f 506/1221 581/1241 497/1222 
f 457/1025 407/1242 507/1022 
f 507/1022 506/1021 457/1025 
f 507/1243 407/1224 540/1223 
f 540/1223 303/1244 507/1243 
f 582/1245 544/1138 546/1141 
f 546/1141 583/1246 582/1245 
f 584/1247 547/1142 550/1145 
f 550/1145 585/1248 584/1247 
f 586/1249 551/1146 587/1149 
f 588/1250 553/1150 554/1153 
f 554/1153 589/1251 588/1250 
f 547/1155 584/1252 583/1253 
f 583/1253 546/1228 547/1155 
f 590/1254 589/1255 591/1256 
f 593/1257 594/1258 592/1259 
f 595/1260 596/1261 597/1262 
f 597/1262 598/1263 595/1260 
f 593/1257 599/1264 600/1265 
f 599/1266 601/1267 602/1268 
f 602/1268 600/1269 599/1266 
f 601/1270 595/1260 598/1263 
f 598/1263 602/1271 601/1270 
f 603/1272 604/1273 605/1274 
f 606/1275 607/1276 608/1277 
f 585/1278 550/1279 551/1280 
f 551/1280 586/1281 585/1278 
f 609/1282 574/1283 553/1284 
f 553/1284 588/1285 609/1282 
f 610/1286 575/1193 302/620 
f 302/620 611/1287 610/1286 
f 612/1288 613/1289 614/1290 
f 614/1290 610/1291 612/1288 
f 579/1200 615/1292 587/1149 
f 615/1293 579/1294 580/1295 
f 580/1295 616/1296 615/1293 
f 593/1297 592/1298 606/1299 
f 606/1299 599/1300 593/1297 
f 576/1301 617/1302 554/1158 
f 238/1303 610/1304 611/1305 
f 611/1305 339/1306 238/1303 
f 502/1307 429/1308 418/1309 
f 418/1309 494/1310 502/1307 
f 491/1311 490/1312 493/1313 
f 493/1313 492/1314 491/1311 
f 351/1315 350/1316 354/1317 
f 359/1318 358/1319 355/1320 
f 359/1318 490/1321 379/1322 
f 355/1323 354/1324 618/1325 
f 618/1325 619/1326 355/1323 
f 359/1318 355/1320 619/1327 
f 490/1321 359/1318 619/1327 
f 619/1327 620/1328 490/1321 
f 503/1329 502/1330 621/1331 
f 621/1331 622/1332 503/1329 
f 620/1333 493/1334 490/1335 
f 350/1336 623/1337 624/1338 
f 624/1338 625/1339 350/1336 
f 350/1336 349/1340 626/1341 
f 626/1341 623/1337 350/1336 
f 624/1342 627/1343 628/1344 
f 628/1344 629/1345 624/1342 
f 630/1346 631/1347 632/1348 
f 632/1348 633/1349 630/1346 
f 630/1350 633/1351 623/1352 
f 623/1352 626/1353 630/1350 
f 634/1354 635/1355 636/1356 
f 636/1356 637/1357 634/1354 
f 635/1358 638/1359 2/1360 
f 2/1360 636/1361 635/1358 
f 638/1362 639/1363 3/1364 
f 3/1364 2/1365 638/1362 
f 639/1366 640/1367 5/1368 
f 5/1368 641/1369 639/1366 
f 640/1370 642/1371 6/1372 
f 6/1372 5/1373 640/1370 
f 637/1374 628/1375 627/1376 
f 627/1376 634/1377 637/1374 
f 634/1354 631/1378 626/1379 
f 626/1379 635/1355 634/1354 
f 626/1380 545/1381 638/1382 
f 638/1382 635/1383 626/1380 
f 545/1384 544/1385 639/1386 
f 639/1386 638/1387 545/1384 
f 544/1388 582/1389 640/1390 
f 640/1390 639/1391 544/1388 
f 582/1392 212/1393 642/1394 
f 642/1394 640/1395 582/1392 
f 634/1396 627/1397 632/1348 
f 632/1348 631/1347 634/1396 
f 642/1398 643/1399 8/1400 
f 8/1400 7/1401 642/1398 
f 212/1402 177/1403 643/1404 
f 643/1404 642/1405 212/1402 
f 643/1406 644/1407 645/1408 
f 645/1408 8/1409 643/1406 
f 177/1410 179/1411 644/1412 
f 644/1412 643/1413 177/1410 
f 644/1414 646/1415 647/1416 
f 647/1416 648/1417 644/1414 
f 179/742 649/1418 646/1419 
f 646/1419 644/1420 179/742 
f 650/1421 651/1422 652/1423 
f 652/1423 653/1424 650/1421 
f 650/1425 653/1426 654/1427 
f 654/1427 655/1428 650/1425 
f 650/1429 656/1430 651/1431 
f 656/1432 647/1433 652/1434 
f 652/1434 651/1435 656/1432 
f 647/1436 646/1437 653/1438 
f 653/1438 652/1439 647/1436 
f 646/1437 649/1440 654/1441 
f 654/1441 653/1438 646/1437 
f 649/1442 657/1443 655/1444 
f 655/1444 654/1445 649/1442 
f 650/1429 655/1446 657/1447 
f 340/741 657/1448 649/1418 
f 649/1418 179/742 340/741 
f 658/1449 659/1450 660/1451 
f 660/1451 661/1452 658/1449 
f 333/1453 662/1454 663/1455 
f 663/1455 325/1456 333/1453 
f 540/1095 503/1094 664/1457 
f 664/1457 665/1458 540/1095 
f 666/1459 667/1460 664/1457 
f 664/1457 503/1094 666/1459 
f 668/1461 540/1095 665/1458 
f 665/1458 669/1462 668/1461 
f 670/1463 671/1464 672/1465 
f 672/1465 673/1466 670/1463 
f 674/1467 675/1468 676/1469 
f 676/1469 677/1470 674/1467 
f 666/1471 677/1472 670/1473 
f 670/1473 673/1474 666/1471 
f 677/1475 676/1476 671/1477 
f 671/1477 670/1478 677/1475 
f 676/1479 667/1480 672/1481 
f 672/1481 671/1482 676/1479 
f 667/1483 666/1484 673/1485 
f 673/1485 672/1486 667/1483 
f 669/1487 662/1488 678/1489 
f 678/1489 679/1490 669/1487 
f 331/1491 330/1492 680/1493 
f 680/1493 332/1494 331/1491 
f 663/1495 662/1488 659/1496 
f 665/1497 664/1498 661/1499 
f 661/1499 660/1500 665/1497 
f 664/1501 667/1480 661/1502 
f 540/1223 668/1503 324/1504 
f 324/1504 303/1244 540/1223 
f 325/1505 328/1506 333/1507 
f 680/1508 679/1509 678/1510 
f 678/1510 332/1511 680/1508 
f 674/1512 677/1513 681/1514 
f 683/1515 684/1516 682/1517 
f 685/1518 686/1519 687/1520 
f 685/1521 687/1522 688/1523 
f 685/1521 688/1523 689/1524 
f 685/1521 689/1524 690/1525 
f 690/1525 691/1526 685/1521 
f 691/1526 690/1525 692/1527 
f 691/1526 692/1527 693/1528 
f 691/1526 693/1528 694/1529 
f 694/1529 695/1530 691/1526 
f 695/1530 694/1529 696/1531 
f 695/1530 696/1531 697/1532 
f 697/1532 698/1533 695/1530 
f 698/1533 697/1532 683/1534 
f 698/1533 683/1534 682/1535 
f 698/1536 682/1537 684/1538 
f 698/1533 684/1539 683/1540 
f 683/1540 699/1541 698/1533 
f 699/1541 683/1540 697/1542 
f 699/1541 697/1542 696/1543 
f 699/1541 696/1543 694/1544 
f 699/1541 694/1544 693/1545 
f 693/1545 700/1546 699/1541 
f 700/1546 693/1545 692/1547 
f 700/1546 692/1547 690/1548 
f 690/1548 701/1549 700/1546 
f 701/1549 690/1548 689/1550 
f 701/1549 689/1550 688/1551 
f 688/1551 686/1552 685/1521 
f 685/1521 701/1549 688/1551 
f 265/1553 702/1554 266/1555 
f 272/1556 271/1557 277/1558 
f 277/1558 276/1559 272/1556 
f 271/1560 702/1561 265/592 
f 265/592 277/591 271/1560 
f 703/1562 704/1563 342/1564 
f 342/1564 341/1565 703/1562 
f 704/1566 705/1567 343/1568 
f 343/1568 342/1569 704/1566 
f 705/1570 706/1571 344/1572 
f 344/1572 343/1573 705/1570 
f 706/1574 703/1575 341/1576 
f 341/1576 344/1577 706/1574 
f 707/1578 708/1579 346/1580 
f 346/1580 345/1581 707/1578 
f 708/1582 709/1583 347/1584 
f 347/1584 346/1585 708/1582 
f 709/1586 710/1587 348/1588 
f 348/1588 347/1589 709/1586 
f 707/1590 164/1591 166/1592 
f 166/1592 708/1593 707/1590 
f 656/1430 650/1429 657/1594 
f 708/1595 706/1596 705/1597 
f 705/1597 709/1598 708/1595 
f 705/1597 711/1599 709/1598 
f 703/1600 712/1601 249/1602 
f 704/1603 703/1600 269/1604 
f 269/1604 11/1605 704/1603 
f 710/1606 709/1607 711/1608 
f 711/1608 656/1609 710/1606 
f 710/1606 656/1609 340/1610 
f 340/1610 707/1590 710/1606 
f 705/1597 704/1603 11/1605 
f 11/1605 711/1599 705/1597 
f 706/1596 708/1595 166/1611 
f 345/1612 348/1613 710/1614 
f 710/1614 707/1615 345/1612 
f 411/1616 488/988 495/1617 
f 495/1617 414/1618 411/1616 
f 713/1619 714/1620 715/1621 
f 714/1620 713/1619 716/1622 
f 717/1623 718/1624 714/1620 
f 714/1620 716/1622 717/1623 
f 719/1625 720/1626 718/1627 
f 718/1627 717/1628 719/1625 
f 713/1619 715/1621 720/1626 
f 720/1626 719/1625 713/1619 
f 722/1629 716/1630 713/1631 
f 713/1631 721/1632 722/1629 
f 723/1633 717/1634 716/1635 
f 716/1635 722/1636 723/1633 
f 724/1637 719/1638 717/1634 
f 717/1634 723/1633 724/1637 
f 721/1632 713/1631 719/1638 
f 719/1638 724/1637 721/1632 
f 726/1639 722/1640 721/1641 
f 721/1641 725/1642 726/1639 
f 727/1643 723/1644 722/1640 
f 722/1640 726/1639 727/1643 
f 728/1645 724/1646 723/1647 
f 723/1647 727/1648 728/1645 
f 725/1642 721/1641 724/1646 
f 724/1646 728/1645 725/1642 
f 730/1649 726/1650 725/1651 
f 725/1651 729/1652 730/1649 
f 731/1653 727/1654 726/1655 
f 726/1655 730/1656 731/1653 
f 732/1657 728/1658 727/1654 
f 727/1654 731/1653 732/1657 
f 729/1652 725/1651 728/1658 
f 728/1658 732/1657 729/1652 
f 734/1659 730/1660 729/1661 
f 729/1661 733/1662 734/1659 
f 735/1663 731/1664 730/1665 
f 730/1665 734/1666 735/1663 
f 736/1667 732/1668 731/1664 
f 731/1664 735/1663 736/1667 
f 733/1662 729/1661 732/1668 
f 732/1668 736/1667 733/1662 
f 733/1669 738/1670 737/1671 
f 737/1671 734/1672 733/1669 
f 739/1673 735/1674 734/1672 
f 734/1672 737/1671 739/1673 
f 740/1675 736/1676 735/1677 
f 735/1677 739/1678 740/1675 
f 736/1676 740/1675 738/1670 
f 738/1670 733/1669 736/1676 
f 741/1679 737/1680 738/1681 
f 738/1681 742/1682 741/1679 
f 737/1680 741/1679 743/1683 
f 744/1684 739/1685 737/1680 
f 737/1680 743/1683 744/1684 
f 745/1686 740/1687 739/1688 
f 739/1688 744/1689 745/1686 
f 746/1690 738/1681 740/1687 
f 740/1687 745/1686 746/1690 
f 738/1681 746/1690 742/1682 
f 747/1691 741/1692 742/1693 
f 742/1693 748/1694 747/1691 
f 749/1695 743/1696 741/1692 
f 741/1692 747/1691 749/1695 
f 750/1697 744/1698 743/1696 
f 743/1696 749/1695 750/1697 
f 751/1699 745/1700 744/1701 
f 744/1701 750/1702 751/1699 
f 752/1703 746/1704 745/1700 
f 745/1700 751/1699 752/1703 
f 748/1694 742/1693 746/1704 
f 746/1704 752/1703 748/1694 
f 714/1705 718/1706 715/1707 
f 749/1708 747/1709 748/1710 
f 748/1710 750/1711 749/1708 
f 748/1710 752/1712 751/1713 
f 751/1713 750/1711 748/1710 
f 753/1714 754/1715 755/1716 
f 754/1715 753/1714 756/1717 
f 757/1718 758/1719 754/1715 
f 754/1715 756/1717 757/1718 
f 759/1720 760/1721 758/1722 
f 758/1722 757/1723 759/1720 
f 753/1714 755/1716 760/1721 
f 760/1721 759/1720 753/1714 
f 762/1724 756/1725 753/1726 
f 753/1726 761/1727 762/1724 
f 763/1728 757/1729 756/1730 
f 756/1730 762/1731 763/1728 
f 764/1732 759/1733 757/1729 
f 757/1729 763/1728 764/1732 
f 761/1727 753/1726 759/1733 
f 759/1733 764/1732 761/1727 
f 766/1734 762/1735 761/1736 
f 761/1736 765/1737 766/1734 
f 767/1738 763/1739 762/1735 
f 762/1735 766/1734 767/1738 
f 768/1740 764/1741 763/1742 
f 763/1742 767/1743 768/1740 
f 765/1737 761/1736 764/1741 
f 764/1741 768/1740 765/1737 
f 770/1744 766/1745 765/1746 
f 765/1746 769/1747 770/1744 
f 771/1748 767/1749 766/1750 
f 766/1750 770/1751 771/1748 
f 772/1752 768/1753 767/1749 
f 767/1749 771/1748 772/1752 
f 769/1747 765/1746 768/1753 
f 768/1753 772/1752 769/1747 
f 774/1754 770/1755 769/1756 
f 769/1756 773/1757 774/1754 
f 775/1758 771/1759 770/1760 
f 770/1760 774/1761 775/1758 
f 776/1762 772/1763 771/1759 
f 771/1759 775/1758 776/1762 
f 773/1757 769/1756 772/1763 
f 772/1763 776/1762 773/1757 
f 773/1764 778/1765 777/1766 
f 777/1766 774/1767 773/1764 
f 779/1768 775/1769 774/1767 
f 774/1767 777/1766 779/1768 
f 780/1770 776/1771 775/1772 
f 775/1772 779/1773 780/1770 
f 776/1771 780/1770 778/1765 
f 778/1765 773/1764 776/1771 
f 781/1774 777/1775 778/1776 
f 778/1776 782/1777 781/1774 
f 777/1775 781/1774 783/1778 
f 784/1779 779/1780 777/1775 
f 777/1775 783/1778 784/1779 
f 785/1781 780/1782 779/1783 
f 779/1783 784/1784 785/1781 
f 786/1785 778/1776 780/1782 
f 780/1782 785/1781 786/1785 
f 778/1776 786/1785 782/1777 
f 787/1786 781/1787 782/1788 
f 782/1788 788/1789 787/1786 
f 789/1790 783/1791 781/1787 
f 781/1787 787/1786 789/1790 
f 790/1792 784/1793 783/1791 
f 783/1791 789/1790 790/1792 
f 791/1794 785/1795 784/1796 
f 784/1796 790/1797 791/1794 
f 792/1798 786/1799 785/1795 
f 785/1795 791/1794 792/1798 
f 788/1789 782/1788 786/1799 
f 786/1799 792/1798 788/1789 
f 754/1800 758/1801 755/1802 
f 789/1803 787/1804 788/1805 
f 788/1805 790/1806 789/1803 
f 788/1805 792/1807 791/1808 
f 791/1808 790/1806 788/1805 
f 793/1809 794/1810 795/1811 
f 795/1811 796/1812 793/1809 
f 794/1813 797/1814 798/1815 
f 798/1815 795/1816 794/1813 
f 797/1817 799/1818 800/1819 
f 800/1819 798/1820 797/1817 
f 799/1821 793/1822 796/1823 
f 796/1823 800/1824 799/1821 
f 799/1825 797/1826 794/1827 
f 794/1827 793/1828 799/1825 
f 796/1829 795/1830 801/1831 
f 795/1830 798/1832 801/1831 
f 798/1832 800/1833 801/1831 
f 800/1833 796/1829 801/1831 
f 212/435 582/1834 583/1835 
f 583/1835 213/436 212/435 
f 214/437 584/1836 585/1837 
f 585/1837 215/438 214/437 
f 216/439 586/1838 587/1839 
f 587/1839 217/352 216/439 
f 218/440 588/1840 589/1841 
f 589/1841 219/441 218/440 
f 584/1842 214/443 213/442 
f 213/442 583/1843 584/1842 
f 803/1844 804/1845 802/1846 
f 805/1847 806/1848 807/1849 
f 807/1849 808/1850 805/1847 
f 803/1844 809/1851 810/1852 
f 809/1853 811/1854 812/1855 
f 812/1855 810/1856 809/1853 
f 811/1857 805/1847 808/1850 
f 808/1850 812/1858 811/1857 
f 813/1859 814/1860 815/1861 
f 816/1862 817/1863 818/1864 
f 215/469 585/1865 586/1866 
f 586/1866 216/470 215/469 
f 237/473 609/1867 588/1868 
f 588/1868 218/474 237/473 
f 819/1869 820/1870 238/477 
f 238/477 241/480 819/1869 
f 217/352 587/1839 615/1871 
f 615/1871 242/481 217/352 
f 242/482 615/1872 616/1873 
f 616/1873 243/483 242/482 
f 816/1874 818/1875 237/1876 
f 803/1877 802/1878 816/1879 
f 816/1879 809/1880 803/1877 
f 821/1881 824/1882 823/1883 
f 824/1884 821/1885 822/1886 
f 822/1887 821/1888 823/1889 
f 823/1889 824/1890 822/1887 
f 271/585 269/587 266/1891 
f 266/1891 702/1892 271/585 
f 266/1893 269/588 275/590 
f 275/590 264/1894 266/1893 
f 569/1895 573/1896 572/1897 
f 572/1897 570/1898 569/1895 
f 569/1899 470/1900 574/1901 
f 574/1901 573/1902 569/1899 
f 565/1903 560/1904 567/1905 
f 567/1905 568/1906 565/1903 
f 825/1907 826/1908 827/1909 
f 827/1909 828/1910 825/1907 
f 828/1911 827/1912 829/1913 
f 829/1913 830/1914 828/1911 
f 827/1915 826/1916 831/1917 
f 831/1917 829/1918 827/1915 
f 826/1919 825/1920 832/1921 
f 832/1921 831/1922 826/1919 
f 571/1923 559/1924 561/1925 
f 561/1925 572/1926 571/1923 
f 604/1927 608/1928 607/1929 
f 607/1929 605/1930 604/1927 
f 604/1931 574/1932 609/1933 
f 609/1933 608/1934 604/1931 
f 598/1935 593/1936 600/1937 
f 600/1937 602/1938 598/1935 
f 833/1939 834/1940 835/1941 
f 835/1941 836/1942 833/1939 
f 836/1943 835/1944 837/1945 
f 837/1945 838/1946 836/1943 
f 835/1947 834/1948 839/1949 
f 839/1949 837/1950 835/1947 
f 834/1951 833/1952 840/1953 
f 840/1953 839/1954 834/1951 
f 606/1955 592/1956 594/1957 
f 594/1957 607/1958 606/1955 
f 814/1959 818/1960 817/1961 
f 817/1961 815/1962 814/1959 
f 808/1963 803/1964 810/1965 
f 810/1965 812/1966 808/1963 
f 841/1967 842/1968 843/1969 
f 843/1969 844/1970 841/1967 
f 844/1971 843/1972 845/1973 
f 845/1973 846/1974 844/1971 
f 843/1975 842/1976 847/1977 
f 847/1977 845/1978 843/1975 
f 842/1979 841/1980 848/1981 
f 848/1981 847/1982 842/1979 
f 816/1983 802/1984 804/1985 
f 804/1985 817/1986 816/1983 
f 233/1987 232/1988 236/1989 
f 236/1989 235/1990 233/1987 
f 233/1991 205/1992 220/1993 
f 227/1994 231/1995 229/1996 
f 229/1996 226/1997 227/1994 
f 849/1998 850/1999 851/2000 
f 851/2000 852/2001 849/1998 
f 850/2002 853/2003 854/2004 
f 854/2004 851/2005 850/2002 
f 851/2006 854/2007 855/2008 
f 855/2008 852/2009 851/2006 
f 852/2010 855/2011 856/2012 
f 856/2012 849/2013 852/2010 
f 234/2014 236/2015 225/2016 
f 225/2016 224/2017 234/2014 
f 201/2018 200/2019 204/2020 
f 204/2020 203/2021 201/2018 
f 195/2022 199/2023 197/2024 
f 197/2024 194/2025 195/2022 
f 857/2026 858/2027 859/2028 
f 859/2028 860/2029 857/2026 
f 858/2030 861/2031 862/2032 
f 862/2032 859/2033 858/2030 
f 859/2034 862/2035 863/2036 
f 863/2036 860/2037 859/2034 
f 860/2038 863/2039 864/2040 
f 864/2040 857/2041 860/2038 
f 202/2042 204/2043 193/2044 
f 193/2044 192/2045 202/2042 
f 139/2046 138/2047 140/2048 
f 140/2048 124/206 139/2046 
f 124/206 123/205 157/2049 
f 157/2049 139/2046 124/206 
f 130/2050 135/2051 133/2052 
f 133/2052 128/2053 130/2050 
f 865/2054 866/2055 867/2056 
f 867/2056 868/2057 865/2054 
f 866/2058 869/2059 870/2060 
f 870/2060 867/2061 866/2058 
f 867/2062 870/2063 871/2064 
f 871/2064 868/2065 867/2062 
f 868/2066 871/2067 872/2068 
f 872/2068 865/2069 868/2066 
f 125/2070 140/2071 127/2072 
f 127/2072 126/2073 125/2070 
f 524/2074 873/2075 874/2076 
f 874/2076 525/2077 524/2074 
f 528/2078 875/2079 534/2080 
f 534/2080 537/2081 528/2078 
f 876/2082 877/2083 878/2084 
f 878/2084 879/2085 876/2082 
f 526/2086 528/2078 880/2087 
f 880/2087 873/2075 526/2086 
f 522/2088 881/2089 882/2090 
f 882/2090 536/2091 522/2088 
f 873/2075 524/2074 526/2086 
f 521/2092 883/2093 881/2089 
f 881/2089 522/2088 521/2092 
f 877/2094 882/2095 881/2096 
f 881/2096 883/2097 877/2094 
f 876/2098 879/2099 880/2100 
f 880/2100 886/2101 876/2098 
f 879/2102 878/2103 873/2104 
f 873/2104 880/2105 879/2102 
f 875/2079 532/2106 534/2080 
f 531/2107 885/2108 884/2109 
f 884/2109 532/2106 531/2107 
f 885/2108 531/2107 534/2080 
f 534/2110 532/2111 884/2112 
f 884/2112 885/2113 534/2110 
f 529/2114 875/2115 528/2116 
f 528/2116 527/2117 529/2114 
f 249/570 270/572 269/2118 
f 555/2119 916/2120 887/2121 
f 887/2121 888/2122 555/2119 
f 889/2123 890/2124 891/2125 
f 891/2125 892/2126 889/2123 
f 578/2127 893/2128 894/2129 
f 894/2129 895/2130 578/2127 
f 896/2131 897/2132 898/2133 
f 898/2133 899/2134 896/2131 
f 899/2134 898/2133 894/2129 
f 894/2129 893/2128 899/2134 
f 900/2135 897/2132 896/2131 
f 896/2131 901/2136 900/2135 
f 577/2137 902/2138 893/2139 
f 893/2139 578/2140 577/2137 
f 899/2141 893/2139 902/2138 
f 899/2141 903/2142 896/2143 
f 903/2144 904/2145 901/2146 
f 901/2146 896/2147 903/2144 
f 581/2148 905/2149 897/2150 
f 897/2150 900/2151 581/2148 
f 898/2152 897/2153 905/2154 
f 898/2152 906/2155 894/2156 
f 906/2155 907/2157 895/2158 
f 895/2158 894/2156 906/2155 
f 909/2159 910/2160 908/2161 
f 912/2162 913/2163 911/2164 
f 914/2165 912/2162 911/2164 
f 914/2165 888/2166 887/2167 
f 555/2168 556/2169 915/2170 
f 915/2170 916/2171 555/2168 
f 556/2169 917/2172 918/2173 
f 918/2173 915/2170 556/2169 
f 920/2174 921/2175 919/2176 
f 920/2174 908/2161 910/2160 
f 581/2177 900/2178 909/2179 
f 909/2179 908/2180 581/2177 
f 912/2181 922/2182 923/2183 
f 923/2183 913/2184 912/2181 
f 887/2185 916/2186 918/2187 
f 918/2187 921/2188 887/2185 
f 889/2189 924/2190 925/2191 
f 925/2191 890/2192 889/2189 
f 914/2193 887/2185 891/2194 
f 891/2194 922/2182 914/2193 
f 910/2195 926/2196 927/2197 
f 927/2197 920/2198 910/2195 
f 922/2182 912/2181 914/2193 
f 909/2199 928/2200 926/2196 
f 926/2196 910/2195 909/2199 
f 924/2201 927/2202 926/2203 
f 926/2203 928/2204 924/2201 
f 890/2205 925/2206 922/2207 
f 922/2207 891/2208 890/2205 
f 915/2209 930/2210 929/2211 
f 929/2211 916/2186 915/2209 
f 930/2210 915/2209 918/2187 
f 918/2212 916/2213 929/2214 
f 929/2214 930/2215 918/2212 
f 590/2216 960/2217 931/2218 
f 931/2218 932/2219 590/2216 
f 933/2220 934/2221 935/2222 
f 935/2222 936/2223 933/2220 
f 614/2224 937/2225 938/2226 
f 938/2226 939/2227 614/2224 
f 940/2228 941/2229 942/2230 
f 942/2230 943/2231 940/2228 
f 943/2231 942/2230 938/2226 
f 938/2226 937/2225 943/2231 
f 944/2232 941/2229 940/2228 
f 940/2228 945/2233 944/2232 
f 613/2234 946/2235 937/2236 
f 937/2236 614/2237 613/2234 
f 943/2238 937/2236 946/2235 
f 943/2238 947/2239 940/2240 
f 947/2241 948/2242 945/2243 
f 945/2243 940/2244 947/2241 
f 617/2245 949/2246 941/2247 
f 941/2247 944/2248 617/2245 
f 942/2249 941/2250 949/2251 
f 942/2249 950/2252 938/2253 
f 950/2252 951/2254 939/2255 
f 939/2255 938/2253 950/2252 
f 953/2256 954/2257 952/2258 
f 956/2259 957/2260 955/2261 
f 958/2262 956/2259 955/2261 
f 958/2262 932/2263 931/2264 
f 590/2265 591/2266 959/2267 
f 959/2267 960/2268 590/2265 
f 591/2266 961/2269 962/2270 
f 962/2270 959/2267 591/2266 
f 964/2271 965/2272 963/2273 
f 964/2271 952/2258 954/2257 
f 617/2274 944/2275 953/2276 
f 953/2276 952/2277 617/2274 
f 956/2278 966/2279 967/2280 
f 967/2280 957/2281 956/2278 
f 931/2282 960/2283 962/2284 
f 962/2284 965/2285 931/2282 
f 933/2286 968/2287 969/2288 
f 969/2288 934/2289 933/2286 
f 958/2290 931/2282 935/2291 
f 935/2291 966/2279 958/2290 
f 954/2292 970/2293 971/2294 
f 971/2294 964/2295 954/2292 
f 966/2279 956/2278 958/2290 
f 953/2296 972/2297 970/2293 
f 970/2293 954/2292 953/2296 
f 968/2298 971/2299 970/2300 
f 970/2300 972/2301 968/2298 
f 934/2302 969/2303 966/2304 
f 966/2304 935/2305 934/2302 
f 959/2306 974/2307 973/2308 
f 973/2308 960/2283 959/2306 
f 974/2307 959/2306 962/2284 
f 962/2309 960/2310 973/2311 
f 973/2311 974/2312 962/2309 
f 975/2313 219/2314 976/2315 
f 612/2316 977/2317 589/2318 
f 975/2319 1007/2320 978/2321 
f 978/2321 979/2322 975/2319 
f 980/2323 981/2324 982/2325 
f 982/2325 983/2326 980/2323 
f 820/2327 984/2328 985/2329 
f 985/2329 986/2330 820/2327 
f 987/2331 988/2332 989/2333 
f 989/2333 990/2334 987/2331 
f 990/2334 989/2333 985/2329 
f 985/2329 984/2328 990/2334 
f 991/2335 988/2332 987/2331 
f 987/2331 992/2336 991/2335 
f 819/2337 993/2338 984/2339 
f 984/2339 820/2340 819/2337 
f 990/2341 984/2339 993/2338 
f 990/2341 994/2342 987/2343 
f 994/2344 995/2345 992/2346 
f 992/2346 987/2347 994/2344 
f 977/2348 996/2349 988/2350 
f 988/2350 991/2351 977/2348 
f 989/2352 988/2353 996/2354 
f 989/2352 997/2355 985/2356 
f 997/2355 998/2357 986/2358 
f 986/2358 985/2356 997/2355 
f 1000/2359 1001/2360 999/2361 
f 1003/2362 1004/2363 1002/2364 
f 1005/2365 1003/2362 1002/2364 
f 1005/2365 979/2366 978/2367 
f 975/2368 976/2369 1006/2370 
f 1006/2370 1007/2371 975/2368 
f 976/2369 1008/2372 1009/2373 
f 1009/2373 1006/2370 976/2369 
f 1011/2374 1012/2375 1010/2376 
f 1011/2374 999/2361 1001/2360 
f 977/2377 991/2378 1000/2379 
f 1000/2379 999/2380 977/2377 
f 1003/2381 1013/2382 1014/2383 
f 1014/2383 1004/2384 1003/2381 
f 978/2385 1007/2386 1009/2387 
f 1009/2387 1012/2388 978/2385 
f 980/2389 1015/2390 1016/2391 
f 1016/2391 981/2392 980/2389 
f 1005/2393 978/2385 982/2394 
f 982/2394 1013/2382 1005/2393 
f 1001/2395 1017/2396 1018/2397 
f 1018/2397 1011/2398 1001/2395 
f 1013/2382 1003/2381 1005/2393 
f 1000/2399 1019/2400 1017/2396 
f 1017/2396 1001/2395 1000/2399 
f 1015/2401 1018/2402 1017/2403 
f 1017/2403 1019/2404 1015/2401 
f 981/2405 1016/2406 1013/2407 
f 1013/2407 982/2408 981/2405 
f 1006/2409 1021/2410 1020/2411 
f 1020/2411 1007/2386 1006/2409 
f 1021/2410 1006/2409 1009/2387 
f 1009/2412 1007/2413 1020/2414 
f 1020/2414 1021/2415 1009/2412 
f 174/2416 1022/2417 1023/2418 
f 1023/2418 338/2419 174/2416 
f 117/2420 1024/2421 1025/2422 
f 1025/2422 118/197 117/2420 
f 82/160 1026/2423 1027/2424 
f 1027/2424 83/161 82/160 
f 83/161 1028/2425 1029/2426 
f 1029/2426 168/434 83/161 
f 171/2427 1030/2428 1031/2429 
f 1031/2429 117/2420 171/2427 
f 1032/2430 1033/2431 1034/2432 
f 1034/2432 1035/2433 1032/2430 
f 1023/2418 1022/2417 1036/2434 
f 1036/2434 1037/2435 1023/2418 
f 1038/2436 1039/2437 1033/2431 
f 1033/2431 1040/2438 1038/2436 
f 1024/2421 1032/2430 1035/2433 
f 1035/2433 1025/2422 1024/2421 
f 1026/2423 1041/2439 1042/2440 
f 1042/2440 1027/2424 1026/2423 
f 1028/2425 1037/2435 1036/2434 
f 1036/2434 1029/2426 1028/2425 
f 1030/2428 1038/2436 1040/2438 
f 1040/2438 1031/2429 1030/2428 
f 175/2441 1043/2442 1044/2443 
f 1044/2443 1045/2444 175/2441 
f 1046/2445 1047/2446 1048/2447 
f 1048/2447 1049/2448 1046/2445 
f 1047/2446 1045/2444 1044/2443 
f 1044/2443 1048/2447 1047/2446 
f 1052/2449 1053/2450 1046/2445 
f 1046/2445 1049/2448 1052/2449 
f 1037/2451 1054/2452 1027/2453 
f 1027/2453 1055/2454 1037/2451 
f 1056/2455 1023/2418 1042/2440 
f 1042/2440 1041/2439 1056/2455 
f 1057/2456 1058/2457 1039/2458 
f 1039/2458 1059/2459 1057/2456 
f 1059/2459 1039/2458 1038/2460 
f 171/326 115/325 1030/2461 
f 166/304 118/2462 1025/2463 
f 1034/2464 712/2465 1035/2466 
f 712/2465 1034/2464 1060/2467 
f 1060/2467 249/2468 712/2465 
f 1061/2469 337/2470 1062/2471 
f 1062/2471 1056/2472 1041/2473 
f 1041/2473 1063/2474 1062/2471 
f 1063/2474 1041/2473 1026/2475 
f 1026/2475 1064/2476 1063/2474 
f 1064/2476 1026/2475 82/318 
f 82/318 169/317 1064/2476 
f 1065/2477 83/2478 1027/2479 
f 1042/2480 1055/2481 1027/2479 
f 1055/2482 1042/2483 1023/2484 
f 1023/2484 1066/2485 1055/2482 
f 1066/2486 1023/2487 1037/2488 
f 1028/2489 1054/2490 1037/2488 
f 1054/2491 1028/2492 83/2493 
f 83/2493 1065/2494 1054/2491 
f 114/316 168/315 1029/2495 
f 1022/2496 1067/2497 1036/2498 
f 1067/2497 1022/2496 174/2499 
f 174/2499 173/2500 1067/2497 
f 172/2501 175/2502 1045/2503 
f 1045/2503 1068/2504 172/2501 
f 1068/2504 1045/2503 1047/2505 
f 1046/2506 1069/2507 1047/2505 
f 1069/2508 1046/2509 1053/2510 
f 1053/2510 1070/2511 1069/2508 
f 1051/2512 1052/2513 1049/2514 
f 1049/2514 1071/2515 1051/2512 
f 1071/2516 1049/2517 1048/2518 
f 1044/2519 1072/2520 1048/2518 
f 1072/2520 1044/2519 1043/2521 
f 1043/2521 1073/2522 1072/2520 
f 1050/2523 1074/2524 1075/2525 
f 1076/2526 1077/2527 1078/2528 
f 1076/2526 1078/2528 1079/2529 
f 1080/2530 1081/2531 1079/2529 
f 1082/2532 1083/2533 1084/2534 
f 1084/2534 1085/2535 1082/2532 
f 1085/2535 1084/2534 1086/2536 
f 1086/2536 1087/2537 1085/2535 
f 1088/2538 1089/2539 1090/2540 
f 1074/2524 1050/2523 1090/2540 
f 1075/2541 1052/2542 1051/2543 
f 1051/2543 1050/2544 1075/2541 
f 1032/2545 1024/2546 1031/2547 
f 1031/2547 1091/2548 1032/2545 
f 1092/2549 117/2550 1031/2551 
f 1040/2552 1091/2553 1031/2551 
f 1091/2554 1040/2555 1033/2556 
f 1033/2556 1093/2557 1091/2554 
f 1093/2558 1033/2559 1032/2560 
f 117/2550 1092/2549 1024/2561 
f 1034/2432 1033/2431 1060/2562 
f 1094/2563 1141/2564 1095/2565 
f 1095/2565 1096/2566 1094/2563 
f 1064/2567 169/2568 1062/2569 
f 1062/2569 1063/2570 1064/2567 
f 1062/2569 1097/2571 1098/2572 
f 1098/2572 1061/2573 1062/2569 
f 1056/2472 1062/2471 337/2470 
f 337/2470 338/2574 1056/2472 
f 1099/2575 1182/2576 1100/2577 
f 1100/2577 1101/2578 1099/2575 
f 209/2579 1102/2580 1103/2581 
f 1103/2581 1104/2582 209/2579 
f 712/2583 166/2584 1025/2585 
f 1025/2585 1035/2586 712/2583 
f 1078/2587 1077/2588 1105/2589 
f 1105/2589 1106/2590 1078/2587 
f 1080/2591 1089/2592 1086/2593 
f 1086/2593 1107/2594 1080/2591 
f 1108/2595 1109/2596 1110/2597 
f 1110/2597 1111/2598 1108/2595 
f 1079/2599 1106/2590 1112/2600 
f 1112/2600 1080/2591 1079/2599 
f 1074/2601 1090/2602 1113/2603 
f 1113/2603 1114/2604 1074/2601 
f 1079/2599 1078/2587 1106/2590 
f 1075/2605 1074/2601 1114/2604 
f 1114/2604 1115/2606 1075/2605 
f 1113/2607 1118/2608 1110/2609 
f 1110/2609 1109/2610 1113/2607 
f 1110/2611 1118/2612 1112/2613 
f 1112/2613 1111/2614 1110/2611 
f 1111/2615 1112/2616 1106/2617 
f 1106/2617 1108/2618 1111/2615 
f 1086/2593 1083/2619 1107/2594 
f 1084/2620 1083/2619 1116/2621 
f 1116/2621 1117/2622 1084/2620 
f 1086/2593 1084/2620 1117/2622 
f 1086/2623 1117/2624 1116/2625 
f 1116/2625 1083/2626 1086/2623 
f 1107/2627 1083/2628 1082/2629 
f 1082/2629 1081/2630 1107/2627 
f 1088/2631 1087/2632 1086/2633 
f 1119/2634 1144/2635 1094/2636 
f 1094/2636 1096/2637 1119/2634 
f 1120/2638 1121/2639 1122/2640 
f 1122/2640 1123/2641 1120/2638 
f 207/2642 1124/2643 1125/2644 
f 1125/2644 1126/2645 207/2642 
f 1127/2646 1128/2647 1129/2648 
f 1129/2648 1130/2649 1127/2646 
f 1128/2647 1126/2645 1125/2644 
f 1125/2644 1129/2648 1128/2647 
f 1131/2650 1132/2651 1127/2646 
f 1127/2646 1130/2649 1131/2650 
f 208/2652 207/2653 1126/2654 
f 1126/2654 1133/2655 208/2652 
f 1133/2655 1126/2654 1128/2656 
f 1127/2657 1134/2658 1128/2656 
f 1134/2659 1127/2660 1132/2661 
f 1132/2661 1135/2662 1134/2659 
f 1136/2663 1131/2664 1130/2665 
f 1130/2665 1137/2666 1136/2663 
f 1137/2667 1130/2668 1129/2669 
f 1125/2670 1097/2671 1129/2669 
f 1097/2671 1125/2670 1124/2672 
f 1124/2672 1098/2673 1097/2671 
f 1140/2674 1138/2675 1139/2676 
f 1141/2677 1142/2678 1143/2679 
f 1141/2677 1143/2679 1095/2680 
f 1119/2681 1096/2682 1095/2680 
f 1094/2683 1144/2684 1145/2685 
f 1145/2685 1146/2686 1094/2683 
f 1146/2686 1145/2685 1147/2687 
f 1147/2687 1148/2688 1146/2686 
f 1149/2689 1150/2690 1151/2691 
f 1138/2675 1140/2674 1151/2691 
f 1139/2692 1131/2693 1136/2694 
f 1136/2694 1140/2695 1139/2692 
f 1143/2696 1142/2697 1152/2698 
f 1152/2698 1153/2699 1143/2696 
f 1119/2700 1150/2701 1147/2702 
f 1147/2702 1144/2703 1119/2700 
f 1154/2704 1155/2705 1120/2706 
f 1120/2706 1123/2707 1154/2704 
f 1095/2708 1153/2699 1122/2709 
f 1122/2709 1119/2700 1095/2708 
f 1138/2710 1151/2711 1156/2712 
f 1156/2712 1157/2713 1138/2710 
f 1095/2708 1143/2696 1153/2699 
f 1139/2714 1138/2710 1157/2713 
f 1157/2713 1158/2715 1139/2714 
f 1156/2716 1121/2717 1120/2718 
f 1120/2718 1155/2719 1156/2716 
f 1123/2720 1122/2721 1153/2722 
f 1153/2722 1154/2723 1123/2720 
f 1145/2724 1144/2703 1159/2725 
f 1159/2725 1160/2726 1145/2724 
f 1147/2702 1145/2724 1160/2726 
f 1147/2727 1160/2728 1159/2729 
f 1159/2729 1144/2730 1147/2727 
f 1147/2731 1150/2732 1149/2733 
f 1149/2733 1148/2734 1147/2731 
f 1161/2735 1185/2736 1099/2737 
f 1099/2737 1101/2738 1161/2735 
f 1162/2739 1163/2740 1164/2741 
f 1164/2741 1165/2742 1162/2739 
f 239/2743 1166/2744 1167/2745 
f 1167/2745 1168/2746 239/2743 
f 1169/2747 1170/2748 1171/2749 
f 1171/2749 1172/2750 1169/2747 
f 1170/2748 1168/2746 1167/2745 
f 1167/2745 1171/2749 1170/2748 
f 1173/2751 1174/2752 1169/2747 
f 1169/2747 1172/2750 1173/2751 
f 240/2753 239/2754 1168/2755 
f 1168/2755 1175/2756 240/2753 
f 1175/2756 1168/2755 1170/2757 
f 1169/2758 1176/2759 1170/2757 
f 1176/2760 1169/2761 1174/2762 
f 1174/2762 1177/2763 1176/2760 
f 1102/2764 1173/2765 1172/2766 
f 1172/2766 1178/2767 1102/2764 
f 1178/2768 1172/2769 1171/2770 
f 1167/2771 1103/2772 1171/2770 
f 1103/2772 1167/2771 1166/2773 
f 1166/2773 1104/2774 1103/2772 
f 1181/2775 1179/2776 1180/2777 
f 1182/2778 1183/2779 1184/2780 
f 1182/2778 1184/2780 1100/2781 
f 1161/2782 1101/2783 1100/2781 
f 1099/2784 1185/2785 1186/2786 
f 1186/2786 1187/2787 1099/2784 
f 1187/2787 1186/2786 1188/2788 
f 1188/2788 1189/2789 1187/2787 
f 1190/2790 1191/2791 1192/2792 
f 1179/2776 1181/2775 1192/2792 
f 1180/2793 1173/2794 1102/2795 
f 1102/2795 1181/2796 1180/2793 
f 1184/2797 1183/2798 1193/2799 
f 1193/2799 1194/2800 1184/2797 
f 1161/2801 1191/2802 1188/2803 
f 1188/2803 1185/2804 1161/2801 
f 1195/2805 1196/2806 1162/2807 
f 1162/2807 1165/2808 1195/2805 
f 1100/2809 1194/2800 1164/2810 
f 1164/2810 1161/2801 1100/2809 
f 1179/2811 1192/2812 1197/2813 
f 1197/2813 1198/2814 1179/2811 
f 1100/2809 1184/2797 1194/2800 
f 1180/2815 1179/2811 1198/2814 
f 1198/2814 1199/2816 1180/2815 
f 1197/2817 1163/2818 1162/2819 
f 1162/2819 1196/2820 1197/2817 
f 1165/2821 1164/2822 1194/2823 
f 1194/2823 1195/2824 1165/2821 
f 1186/2825 1185/2804 1200/2826 
f 1200/2826 1201/2827 1186/2825 
f 1188/2803 1186/2825 1201/2827 
f 1188/2828 1201/2829 1200/2830 
f 1200/2830 1185/2831 1188/2828 
f 1188/2832 1191/2833 1190/2834 
f 1190/2834 1189/2835 1188/2832 
f 1202/2836 1203/2837 1204/2838 
f 1204/2838 1205/2839 1202/2836 
f 1206/2840 1207/2841 1208/2842 
f 1208/2842 1209/2843 1206/2840 
f 1210/2844 1211/2845 1212/2846 
f 1213/2847 1214/2848 1215/2849 
f 1215/2849 1216/2850 1213/2847 
f 1217/2851 1218/2852 1207/2841 
f 1207/2841 1206/2853 1217/2851 
f 1219/2854 1220/2855 1221/2856 
f 1221/2856 1222/2857 1219/2854 
f 1223/2858 1224/2859 1225/2860 
f 611/2861 302/2862 1226/2863 
f 1226/2863 1227/2864 611/2861 
f 1223/2858 1228/2865 1226/2863 
f 1226/2863 302/2862 1223/2858 
f 1229/2866 1230/2867 1231/2868 
f 1231/2868 1232/2869 1229/2866 
f 1219/2854 1222/2857 1204/2838 
f 1204/2838 1233/2870 1219/2854 
f 1214/2848 1234/2871 1203/2837 
f 1203/2837 1215/2849 1214/2848 
f 1211/2845 611/2861 1227/2864 
f 1227/2864 1235/2872 1211/2845 
f 1207/2841 1218/2873 1236/2874 
f 1212/2875 1211/2876 1222/2877 
f 1222/2877 1221/2878 1212/2875 
f 1211/2879 1235/2880 1204/2881 
f 1204/2881 1222/2882 1211/2879 
f 1235/2883 1227/2884 1205/2885 
f 1205/2885 1204/2886 1235/2883 
f 1227/2887 1226/2888 1202/2889 
f 1202/2889 1205/2890 1227/2887 
f 1226/2891 1228/2892 1203/2893 
f 1203/2893 1202/2894 1226/2891 
f 1228/2895 1223/2896 1215/2897 
f 1215/2897 1203/2898 1228/2895 
f 1223/2899 1225/2900 1216/2901 
f 1216/2901 1215/2902 1223/2899 
f 1206/2903 1237/2904 1217/2905 
f 1229/2906 1232/2907 1214/2908 
f 1214/2908 1213/2909 1229/2906 
f 1232/2910 1234/2911 1214/2912 
f 1231/2913 1230/2914 1220/2915 
f 1220/2915 1219/2916 1231/2913 
f 1206/2903 1209/2917 1224/2918 
f 1207/2841 1210/2919 1208/2920 
f 1238/2921 1239/2922 1240/2923 
f 1240/2923 1241/2924 1238/2921 
f 1230/2925 1229/2926 1242/2927 
f 1242/2927 1243/2928 1230/2925 
f 1229/2926 1213/2929 1244/2930 
f 1244/2930 1242/2927 1229/2926 
f 1243/2931 1242/2932 1240/2933 
f 1240/2933 1239/2934 1243/2931 
f 1242/2935 1244/2936 1241/2937 
f 1241/2937 1240/2938 1242/2935 
f 1244/2939 1245/2940 1238/2941 
f 1238/2941 1241/2942 1244/2939 
f 1245/2943 1243/2944 1239/2945 
f 1239/2945 1238/2946 1245/2943 
f 1237/2947 1206/2948 1224/2859 
f 1224/2859 329/2949 1237/2947 
f 326/2950 1246/2951 1247/2952 
f 1247/2952 327/2953 326/2950 
f 1210/2844 1207/2841 1236/2954 
f 1236/2954 1248/2955 1210/2844 
f 327/2956 1247/2957 1249/2958 
f 1249/2958 334/2959 327/2956 
f 1248/2960 1236/2961 1218/2962 
f 1218/2962 1250/2963 1248/2960 
f 334/2964 1249/2965 1250/2966 
f 1250/2966 335/2967 334/2964 
f 1251/2968 1252/2969 1253/2970 
f 1253/2970 1254/2971 1251/2968 
f 1255/2972 1256/2973 1257/2974 
f 1257/2974 1258/2975 1255/2972 
f 1259/2976 1260/2977 1261/2978 
f 1262/2979 1263/2980 1264/2981 
f 1264/2981 1265/2982 1262/2979 
f 1266/2983 1267/2984 1256/2973 
f 1256/2973 1255/2985 1266/2983 
f 1268/2986 1269/2987 1270/2988 
f 1270/2988 1271/2989 1268/2986 
f 1272/2990 1273/2991 1274/2992 
f 339/2993 611/2994 1275/2995 
f 1275/2995 1276/2996 339/2993 
f 1272/2990 1277/2997 1275/2995 
f 1275/2995 611/2994 1272/2990 
f 1278/2998 1279/2999 1280/3000 
f 1280/3000 1281/3001 1278/2998 
f 1268/2986 1271/2989 1253/2970 
f 1253/2970 1282/3002 1268/2986 
f 1263/2980 1283/3003 1252/2969 
f 1252/2969 1264/2981 1263/2980 
f 1260/2977 339/2993 1276/2996 
f 1276/2996 1284/3004 1260/2977 
f 1256/2973 1267/3005 1285/3006 
f 1261/3007 1260/3008 1271/3009 
f 1271/3009 1270/3010 1261/3007 
f 1260/3011 1284/3012 1253/3013 
f 1253/3013 1271/3014 1260/3011 
f 1284/3015 1276/3016 1254/3017 
f 1254/3017 1253/3018 1284/3015 
f 1276/3019 1275/3020 1251/3021 
f 1251/3021 1254/3022 1276/3019 
f 1275/3023 1277/3024 1252/3025 
f 1252/3025 1251/3026 1275/3023 
f 1277/3027 1272/3028 1264/3029 
f 1264/3029 1252/3030 1277/3027 
f 1272/3031 1274/3032 1265/3033 
f 1265/3033 1264/3034 1272/3031 
f 1255/3035 1286/3036 1266/3037 
f 1278/3038 1281/3039 1263/3040 
f 1263/3040 1262/3041 1278/3038 
f 1281/3042 1283/3043 1263/3044 
f 1280/3045 1279/3046 1269/3047 
f 1269/3047 1268/3048 1280/3045 
f 1255/3035 1258/3049 1273/3050 
f 1256/2973 1259/3051 1257/3052 
f 1287/3053 1288/3054 1289/3055 
f 1289/3055 1290/3056 1287/3053 
f 1279/3057 1278/3058 1291/3059 
f 1291/3059 1292/3060 1279/3057 
f 1278/3058 1262/3061 1293/3062 
f 1293/3062 1291/3059 1278/3058 
f 1292/3063 1291/3064 1289/3065 
f 1289/3065 1288/3066 1292/3063 
f 1291/3067 1293/3068 1290/3069 
f 1290/3069 1289/3070 1291/3067 
f 1293/3071 1294/3072 1287/3073 
f 1287/3073 1290/3074 1293/3071 
f 1294/3075 1292/3076 1288/3077 
f 1288/3077 1287/3078 1294/3075 
f 1286/3079 1255/3080 1273/2991 
f 1273/2991 1248/3081 1286/3079 
f 1246/3082 1295/3083 1296/3084 
f 1296/3084 1247/3085 1246/3082 
f 1259/2976 1256/2973 1285/3086 
f 1285/3086 1297/3087 1259/2976 
f 1247/3088 1296/3089 1298/3090 
f 1298/3090 1249/3091 1247/3088 
f 1297/3092 1285/3093 1267/3094 
f 1267/3094 1299/3095 1297/3092 
f 1249/3096 1298/3097 1299/3098 
f 1299/3098 1250/3099 1249/3096 
f 1300/3100 1301/3101 1302/3102 
f 1302/3102 1303/3103 1300/3100 
f 1304/3104 1305/3105 1306/3106 
f 1306/3106 1307/3107 1304/3104 
f 1308/3108 1309/3109 1310/3110 
f 1311/3111 1312/3112 1313/3113 
f 1313/3113 1314/3114 1311/3111 
f 1315/3115 1316/3116 1305/3105 
f 1305/3105 1304/3117 1315/3115 
f 1317/3118 1318/3119 1319/3120 
f 1319/3120 1320/3121 1317/3118 
f 1321/3122 1322/3123 1323/3124 
f 36/39 339/3125 1324/3126 
f 1324/3126 1325/3127 36/39 
f 1321/3122 1326/3128 1324/3126 
f 1324/3126 339/3125 1321/3122 
f 1327/3129 1328/3130 1329/3131 
f 1329/3131 1330/3132 1327/3129 
f 1317/3118 1320/3121 1302/3102 
f 1302/3102 1331/3133 1317/3118 
f 1312/3112 1332/3134 1301/3101 
f 1301/3101 1313/3113 1312/3112 
f 1309/3109 36/39 1325/3127 
f 1325/3127 1333/3135 1309/3109 
f 1305/3105 1316/3136 1334/3137 
f 1310/3138 1309/3139 1320/3140 
f 1320/3140 1319/3141 1310/3138 
f 1309/3142 1333/3143 1302/3144 
f 1302/3144 1320/3145 1309/3142 
f 1333/3146 1325/3147 1303/3148 
f 1303/3148 1302/3149 1333/3146 
f 1325/3150 1324/3151 1300/3152 
f 1300/3152 1303/3153 1325/3150 
f 1324/3154 1326/3155 1301/3156 
f 1301/3156 1300/3157 1324/3154 
f 1326/3158 1321/3159 1313/3160 
f 1313/3160 1301/3161 1326/3158 
f 1321/3162 1323/3163 1314/3164 
f 1314/3164 1313/3165 1321/3162 
f 1304/3166 1335/3167 1315/3168 
f 1327/3169 1330/3170 1312/3171 
f 1312/3171 1311/3172 1327/3169 
f 1330/3173 1332/3174 1312/3175 
f 1329/3176 1328/3177 1318/3178 
f 1318/3178 1317/3179 1329/3176 
f 1304/3166 1307/3180 1322/3181 
f 1305/3105 1308/3182 1306/3183 
f 1336/3184 1337/3185 1338/3186 
f 1338/3186 1339/3187 1336/3184 
f 1328/3188 1327/3189 1340/3190 
f 1340/3190 1341/3191 1328/3188 
f 1327/3189 1311/3192 1342/3193 
f 1342/3193 1340/3190 1327/3189 
f 1341/3194 1340/3195 1338/3196 
f 1338/3196 1337/3197 1341/3194 
f 1340/3198 1342/3199 1339/3200 
f 1339/3200 1338/3201 1340/3198 
f 1342/3202 1343/3203 1336/3204 
f 1336/3204 1339/3205 1342/3202 
f 1343/3206 1341/3207 1337/3208 
f 1337/3208 1336/3209 1343/3206 
f 1335/3210 1304/3211 1322/3123 
f 1322/3123 1297/3212 1335/3210 
f 1295/3213 62/132 61/131 
f 61/131 1296/3214 1295/3213 
f 1308/3108 1305/3105 1334/3215 
f 1334/3215 63/133 1308/3108 
f 1296/3216 61/137 65/136 
f 65/136 1298/3217 1296/3216 
f 63/141 1334/3218 1316/3219 
f 1316/3219 66/138 63/141 
f 1298/3220 65/145 66/144 
f 66/144 1299/3221 1298/3220 
f 636/3222 629/3223 628/3224 
f 628/3224 637/3225 636/3222 
f 703/1600 249/1602 269/1604 
f 703/1600 706/1596 166/1611 
f 166/1611 712/1601 703/1600 
f 707/1590 340/1610 75/3226 
f 707/1590 161/3227 164/1591 
f 707/1590 75/3226 74/3228 
f 707/1590 74/3228 161/3227 
f 78/494 94/3229 161/3230 
f 161/3230 74/495 78/494 
f 119/3231 118/2462 166/304 
f 166/304 165/303 119/3231 
f 1060/2467 336/3232 249/2468 
f 253/571 247/3233 273/3234 
f 273/3234 270/572 253/571 
f 247/3233 248/3235 273/3234 
f 77/155 81/159 85/163 
f 91/170 90/169 78/156 
f 101/3236 104/3237 95/337 
f 95/337 155/336 101/3236 
f 101/3236 156/3238 104/3237 
f 1024/2546 1092/3239 1031/2547 
f 1091/2548 1093/3240 1032/2545 
f 1055/2454 1066/3241 1037/2451 
f 1054/2452 1065/3242 1027/2453 
f 106/3243 142/3244 100/3245 
f 106/3243 100/3245 86/168 
f 86/168 89/167 106/3243 
f 393/3246 398/3247 374/782 
f 374/782 372/781 393/3246 
f 393/3246 469/3248 398/3247 
f 420/3249 510/3250 511/3251 
f 420/3249 511/3251 432/867 
f 432/867 455/866 420/3249 
f 426/3252 419/3253 428/1121 
f 428/1121 541/1120 426/3252 
f 426/3252 543/3254 419/3253 
f 397/3255 485/3256 394/3257 
f 397/3255 394/3257 484/1105 
f 484/1105 381/1104 397/3255 
f 136/3258 129/3259 92/3260 
f 92/3260 160/3261 136/3258 
f 136/3258 160/3261 150/3262 
f 150/3262 134/3263 136/3258 
f 134/3263 150/3262 151/3264 
f 151/3264 128/3265 134/3263 
f 129/3259 132/3266 137/3267 
f 137/3267 92/3260 129/3259 
f 137/3267 159/3268 102/3269 
f 102/3269 92/3260 137/3267 
f 125/207 126/3270 128/3265 
f 128/3265 151/3264 125/207 
f 125/207 151/3264 152/3271 
f 152/3271 122/204 125/207 
f 139/2046 157/2049 159/3268 
f 159/3268 137/3267 139/2046 
f 140/2071 872/3272 127/2072 
f 140/2071 138/3273 869/3274 
f 869/3274 872/3272 140/2071 
f 138/3273 137/3275 132/3276 
f 132/3276 131/3277 138/3273 
f 138/3273 131/3277 869/3274 
f 869/3274 866/3278 865/3279 
f 865/3279 872/3272 869/3274 
f 870/3280 869/3281 131/3282 
f 131/3282 130/2050 870/3280 
f 130/2050 128/2053 871/3283 
f 871/3283 870/3280 130/2050 
f 127/3284 872/3285 871/3283 
f 871/3283 128/2053 127/3284 
f 165/3286 158/310 116/498 
f 116/498 119/497 165/3286 
f 109/188 110/189 158/3287 
f 158/3287 165/334 109/188 
f 1039/2437 1058/3288 1060/2562 
f 1060/2562 1033/2431 1039/2437 
f 1073/3289 1043/3290 1058/3291 
f 1058/3291 1057/3292 1073/3289 
f 336/3293 1060/3294 1058/3295 
f 336/3293 1058/3295 1043/3296 
f 174/340 338/3297 176/342 
f 176/342 336/3293 1043/3296 
f 1043/3296 175/341 176/342 
f 1109/3298 1108/3299 1105/3300 
f 1105/3300 1115/3301 1109/3298 
f 1075/2541 1115/3301 1052/2542 
f 1115/3301 1105/3300 1053/3302 
f 1053/3302 1052/2542 1115/3301 
f 1077/3303 1076/3304 1070/3305 
f 1070/3305 1053/3302 1077/3303 
f 1105/3300 1077/3303 1053/3302 
f 113/3306 116/498 158/310 
f 158/310 153/309 113/3306 
f 1072/3307 1073/3308 1057/3309 
f 1057/3309 1059/3310 1072/3307 
f 1072/3307 1059/3310 1038/3311 
f 1038/3311 1048/3312 1072/3307 
f 1067/3313 173/3314 172/3315 
f 172/3315 1068/3316 1067/3313 
f 1067/3313 1068/3316 1047/3317 
f 1047/3317 1036/3318 1067/3313 
f 1036/3318 1047/3317 1069/3319 
f 1069/3319 1070/3320 1036/3318 
f 1051/3321 1071/3322 1048/3312 
f 1048/3312 1038/3311 1051/3321 
f 1088/3323 1090/3324 1050/3325 
f 1050/3325 1087/3326 1088/3323 
f 1051/3321 1030/3327 1087/3326 
f 1087/3326 1050/3325 1051/3321 
f 1051/3321 1038/3311 1030/3327 
f 1030/3327 115/3328 1085/3329 
f 1085/3329 1087/3326 1030/3327 
f 115/3328 114/3330 1085/3329 
f 114/3330 1029/3331 1082/3332 
f 1082/3332 1085/3329 114/3330 
f 1029/3331 1036/3318 1070/3320 
f 1070/3320 1082/3332 1029/3331 
f 1070/3320 1076/3333 1082/3332 
f 1076/3333 1079/3334 1081/3335 
f 1081/3335 1082/3332 1076/3333 
f 1118/3336 1089/2592 1080/2591 
f 1080/2591 1112/2600 1118/3336 
f 1113/2603 1090/2602 1089/2592 
f 1089/2592 1118/3336 1113/2603 
f 1086/2633 1089/3337 1088/2631 
f 1081/2630 1080/3338 1107/2627 
f 1106/2617 1105/3339 1108/2618 
f 1109/2610 1115/3340 1114/3341 
f 1114/3341 1113/2607 1109/2610 
f 108/187 112/191 144/3342 
f 144/3342 153/333 108/187 
f 84/322 167/3343 113/3306 
f 84/322 113/3306 153/309 
f 153/309 144/323 84/322 
f 1023/2418 1056/2455 338/2419 
f 251/3344 58/3345 67/3346 
f 67/3346 261/3347 251/3344 
f 687/3348 686/3349 688/3350 
f 252/507 254/3351 249/508 
f 254/3351 252/507 245/502 
f 245/502 244/501 254/3351 
f 715/1707 718/1706 720/3352 
f 755/1802 758/1801 760/3353 
f 259/3354 245/3355 263/3356 
f 263/3356 260/3357 259/3354 
f 145/419 149/418 189/363 
f 189/363 188/362 145/419 
f 211/3358 205/3359 202/431 
f 202/431 198/430 211/3358 
f 149/418 211/3358 198/430 
f 198/430 189/363 149/418 
f 201/3360 203/3361 205/3362 
f 205/3362 143/3363 201/3360 
f 813/3364 811/3365 616/3366 
f 616/3366 609/3367 813/3364 
f 603/3368 601/3369 580/3370 
f 580/3370 574/1236 603/3368 
f 557/1160 563/3371 562/3372 
f 562/3372 558/1161 557/1160 
f 603/3368 596/3373 595/3374 
f 595/3374 601/3369 603/3368 
f 813/3364 806/3375 805/3376 
f 805/3376 811/3365 813/3364 
f 220/444 205/3359 211/3358 
f 211/3358 221/445 220/444 
f 211/3358 243/3377 230/487 
f 230/487 221/445 211/3358 
f 809/1880 816/1879 237/3378 
f 237/3378 243/3377 809/1880 
f 243/3377 237/3378 234/488 
f 234/488 230/487 243/3377 
f 811/3365 809/1880 243/3377 
f 243/3377 616/3366 811/3365 
f 599/1300 606/1299 609/3379 
f 609/3379 616/3380 599/1300 
f 601/3369 599/1300 616/3380 
f 616/3380 580/3370 601/3369 
f 566/1239 571/1234 574/1236 
f 574/1236 580/3370 566/1239 
f 558/1161 566/1239 580/3370 
f 580/3370 475/1162 558/1161 
f 631/1378 630/3381 626/1379 
f 624/1342 623/3382 633/3383 
f 633/3383 632/3384 624/1342 
f 624/1342 632/3384 627/1343 
f 618/3385 625/3386 624/3387 
f 618/3385 624/3387 620/3388 
f 620/3388 619/3389 618/3385 
f 620/1333 624/3390 629/3391 
f 629/3391 621/3392 620/1333 
f 503/1018 539/3393 504/1019 
f 502/1330 494/3394 621/1331 
f 666/3395 503/3396 622/3397 
f 666/3395 622/3397 681/1514 
f 681/1514 677/1513 666/3395 
f 620/1333 621/3392 494/3398 
f 494/3398 493/1334 620/1333 
f 625/3399 618/3400 354/1317 
f 354/1317 350/1316 625/3399 
f 494/980 415/1014 414/3401 
f 414/3401 495/981 494/980 
f 200/3402 188/3403 191/3404 
f 191/3404 196/3405 200/3402 
f 200/3402 196/3405 861/3406 
f 204/2043 864/3407 193/2044 
f 657/1594 340/3408 656/1430 
f 862/3409 861/3410 196/3411 
f 196/3411 195/2022 862/3409 
f 195/2022 194/2025 863/3412 
f 863/3412 862/3409 195/2022 
f 193/3413 864/3414 863/3412 
f 863/3412 194/2025 193/3413 
f 853/3415 850/3416 849/3417 
f 849/3417 856/3418 853/3415 
f 232/3419 220/3420 223/3421 
f 223/3421 228/3422 232/3419 
f 232/3419 228/3422 853/3415 
f 236/2015 856/3418 225/2016 
f 236/2015 232/3419 853/3415 
f 853/3415 856/3418 236/2015 
f 854/3423 853/3424 228/3425 
f 228/3425 227/1994 854/3423 
f 227/1994 226/1997 855/3426 
f 855/3426 854/3423 227/1994 
f 225/3427 856/3428 855/3426 
f 855/3426 226/1997 225/3427 
f 360/767 359/766 378/786 
f 378/786 370/777 360/767 
f 359/766 375/783 378/786 
f 454/865 478/3429 477/3430 
f 477/3430 452/862 454/865 
f 467/3431 460/3432 459/3433 
f 459/3433 466/3434 467/3431 
f 377/3435 467/3431 466/3434 
f 466/3434 489/3436 377/3435 
f 477/3430 489/3436 466/3434 
f 466/3434 452/862 477/3430 
f 480/3437 479/3438 478/3429 
f 478/3429 454/865 480/3437 
f 395/3439 487/3440 467/3431 
f 467/3431 377/3435 395/3439 
f 367/774 481/3441 480/3437 
f 480/3437 454/865 367/774 
f 487/3440 486/3442 366/773 
f 366/773 467/3431 487/3440 
f 367/774 366/773 486/3442 
f 486/3442 481/3441 367/774 
f 233/1991 235/3443 237/3444 
f 237/3444 205/1992 233/1991 
f 203/3361 202/3445 205/3362 
f 814/3446 609/3447 237/1876 
f 237/1876 818/1875 814/3446 
f 235/3443 234/3448 237/3444 
f 609/1933 606/3449 608/1934 
f 814/3446 813/3450 609/3447 
f 604/1931 603/3451 574/1932 
f 386/3452 389/3453 463/3454 
f 463/3454 465/3455 386/3452 
f 463/3454 369/3456 368/906 
f 368/906 465/3455 463/3454 
f 458/905 465/3455 368/906 
f 460/3457 467/3458 369/3456 
f 369/3456 461/3459 460/3457 
f 463/3454 461/3459 369/3456 
f 382/790 462/3460 464/3461 
f 464/3461 383/791 382/790 
f 461/3462 463/3463 462/3460 
f 462/3460 382/790 461/3462 
f 464/3461 465/3464 458/3465 
f 458/3465 383/791 464/3461 
f 414/1618 417/3466 411/1616 
f 402/810 404/812 495/3467 
f 495/3467 488/1102 402/810 
f 411/1616 410/3468 482/989 
f 482/989 488/988 411/1616 
f 472/1000 482/989 410/3468 
f 472/1000 410/3468 496/3469 
f 496/3469 364/1001 472/1000 
f 401/809 400/808 482/1100 
f 563/3470 557/3471 570/3472 
f 570/3472 564/3473 563/3470 
f 830/3474 564/3473 570/3472 
f 561/1925 832/3475 572/1926 
f 830/3474 570/3472 572/1926 
f 572/1926 832/3475 830/3474 
f 825/3476 828/3477 830/3474 
f 830/3474 832/3475 825/3476 
f 833/3478 836/3479 838/3480 
f 838/3480 840/3481 833/3478 
f 838/3480 605/3482 607/1958 
f 607/1958 840/3481 838/3480 
f 594/1957 840/3481 607/1958 
f 596/3483 603/3484 605/3482 
f 605/3482 597/3485 596/3483 
f 838/3480 597/3485 605/3482 
f 565/1903 829/3486 831/3487 
f 831/3487 560/1904 565/1903 
f 564/3488 830/3489 829/3486 
f 829/3486 565/1903 564/3488 
f 831/3487 832/3490 561/3491 
f 561/3491 560/1904 831/3487 
f 598/1935 837/3492 839/3493 
f 839/3493 593/1936 598/1935 
f 597/3494 838/3495 837/3492 
f 837/3492 598/1935 597/3494 
f 839/3493 840/3496 594/3497 
f 594/3497 593/1936 839/3493 
f 841/3498 844/3499 846/3500 
f 846/3500 848/3501 841/3498 
f 806/3502 813/3503 815/3504 
f 815/3504 807/3505 806/3502 
f 846/3500 807/3505 815/3504 
f 846/3500 815/3504 817/1986 
f 817/1986 848/3501 846/3500 
f 804/1985 848/3501 817/1986 
f 808/1963 845/3506 847/3507 
f 847/3507 803/1964 808/1963 
f 807/3508 846/3509 845/3506 
f 845/3506 808/1963 807/3508 
f 847/3507 848/3510 804/3511 
f 804/3511 803/1964 847/3507 
f 349/1340 545/1381 626/1341 
f 120/199 171/2427 117/196 
f 861/3406 858/3512 857/3513 
f 857/3513 864/3407 861/3406 
f 204/2043 200/3402 861/3406 
f 861/3406 864/3407 204/2043 
f 416/824 425/834 417/825 
f 530/3514 413/3515 412/3516 
f 529/3517 423/3518 413/3515 
f 413/3515 530/3514 529/3517 
f 533/3519 530/3514 412/3516 
f 412/3516 427/3520 533/3519 
f 529/3517 523/3521 517/3522 
f 517/3522 423/3518 529/3517 
f 529/2114 532/3523 875/2115 
f 535/3524 537/3525 534/3526 
f 534/3526 533/3527 535/3524 
f 448/3528 536/3529 535/3530 
f 535/3530 533/3519 448/3528 
f 448/3528 533/3519 427/3520 
f 427/3520 449/3531 448/3528 
f 529/3517 527/3532 526/3533 
f 526/3533 523/3521 529/3517 
f 517/3522 512/3534 433/3535 
f 433/3535 423/3518 517/3522 
f 427/3520 434/3536 500/3537 
f 500/3537 449/3531 427/3520 
f 500/3537 519/3538 449/3531 
f 517/3522 515/3539 512/3534 
f 515/3539 514/3540 513/3541 
f 513/3541 512/3534 515/3539 
f 517/3522 516/3542 447/3543 
f 447/3543 515/3539 517/3522 
f 500/3537 499/3544 520/3545 
f 520/3545 519/3538 500/3537 
f 519/3538 446/3546 518/3547 
f 518/3547 449/3531 519/3538 
f 501/1111 504/3548 539/3549 
f 501/1137 436/845 431/840 
f 442/1112 501/1111 539/3549 
f 406/1116 439/1115 538/1118 
f 407/815 457/869 408/816 
f 439/1115 442/1112 539/3549 
f 539/3549 538/1118 439/1115 
f 1155/2719 1158/3550 1157/3551 
f 1157/3551 1156/2716 1155/2719 
f 1153/2722 1152/3552 1154/2723 
f 1196/2820 1199/3553 1198/3554 
f 1198/3554 1197/2817 1196/2820 
f 1194/2823 1193/3555 1195/2824 
f 1016/2406 1014/3556 1013/2407 
f 980/3557 983/3558 1018/2402 
f 1018/2402 1015/2401 980/3557 
f 969/2303 967/3559 966/2304 
f 933/3560 936/3561 971/2299 
f 971/2299 968/2298 933/3560 
f 925/2206 923/3562 922/2207 
f 889/3563 892/3564 927/2202 
f 927/2202 924/2201 889/3563 
f 878/2103 874/3565 873/2104 
f 876/3566 886/3567 882/2095 
f 882/2095 877/2094 876/3566 
f 874/3568 878/3569 877/3570 
f 877/3570 883/3571 874/3568 
f 450/1107 883/3571 521/1108 
f 450/1107 451/3572 874/3568 
f 874/3568 883/3571 450/1107 
f 451/3572 517/3573 523/3574 
f 523/3574 525/3575 451/3572 
f 451/3572 525/3575 874/3568 
f 923/3576 925/3577 924/3578 
f 924/3578 928/3579 923/3576 
f 900/2178 928/3579 909/2179 
f 900/2178 901/3580 923/3576 
f 923/3576 928/3579 900/2178 
f 901/3580 904/3581 911/3582 
f 911/3582 913/3583 901/3580 
f 901/3580 913/3583 923/3576 
f 967/3584 969/3585 968/3586 
f 968/3586 972/3587 967/3584 
f 948/3588 955/3589 957/3590 
f 957/3590 945/3591 948/3588 
f 945/3591 957/3590 967/3584 
f 944/2275 972/3587 953/2276 
f 944/2275 945/3591 967/3584 
f 967/3584 972/3587 944/2275 
f 1014/3592 1016/3593 1015/3594 
f 1015/3594 1019/3595 1014/3592 
f 995/3596 1002/3597 1004/3598 
f 1004/3598 992/3599 995/3596 
f 992/3599 1004/3598 1014/3592 
f 991/2378 1019/3595 1000/2379 
f 991/2378 992/3599 1014/3592 
f 1014/3592 1019/3595 991/2378 
f 1196/3600 1195/3601 1193/3602 
f 1193/3602 1199/3603 1196/3600 
f 1183/3604 1182/3605 1177/3606 
f 1177/3606 1174/3607 1183/3604 
f 1193/3602 1183/3604 1174/3607 
f 1180/2793 1199/3603 1173/2794 
f 1193/3602 1174/3607 1173/2794 
f 1173/2794 1199/3603 1193/3602 
f 1155/3608 1154/3609 1152/3610 
f 1152/3610 1158/3611 1155/3608 
f 1139/2692 1158/3611 1131/2693 
f 1158/3611 1152/3610 1132/3612 
f 1132/3612 1131/2693 1158/3611 
f 1152/3610 1142/3613 1132/3612 
f 1142/3613 1141/3614 1135/3615 
f 1135/3615 1132/3612 1142/3613 
f 528/2078 537/2081 886/3616 
f 886/3616 880/2087 528/2078 
f 537/2081 536/2091 882/2090 
f 882/2090 886/3616 537/2081 
f 921/2188 920/2198 927/2197 
f 927/2197 892/3617 921/2188 
f 887/2185 921/2188 892/3617 
f 892/3617 891/2194 887/2185 
f 965/2285 964/2295 971/2294 
f 971/2294 936/3618 965/2285 
f 931/2282 965/2285 936/3618 
f 936/3618 935/2291 931/2282 
f 1012/2388 1011/2398 1018/2397 
f 1018/2397 983/3619 1012/2388 
f 978/2385 1012/2388 983/3619 
f 983/3619 982/2394 978/2385 
f 1163/3620 1191/2802 1161/2801 
f 1161/2801 1164/2810 1163/3620 
f 1197/2813 1192/2812 1191/2802 
f 1191/2802 1163/3620 1197/2813 
f 1121/3621 1150/2701 1119/2700 
f 1119/2700 1122/2709 1121/3621 
f 1156/2712 1151/2711 1150/2701 
f 1150/2701 1121/3621 1156/2712 
f 676/1479 675/3622 658/3623 
f 667/1480 676/1479 658/3623 
f 658/3623 661/1502 667/1480 
f 669/1487 665/3624 660/3625 
f 669/1487 660/3625 659/1496 
f 659/1496 662/1488 669/1487 
f 668/3626 669/3627 679/3628 
f 679/3628 680/3629 668/3626 
f 668/3626 680/3629 330/3630 
f 330/3630 324/3631 668/3626 
f 332/720 678/3632 662/3633 
f 662/3633 333/721 332/720 
f 328/3634 327/3635 334/3636 
f 334/3636 331/3637 328/3634 
f 556/1159 554/1158 497/1222 
f 917/3638 556/1159 497/1222 
f 555/1157 911/3639 904/3640 
f 904/3640 554/1158 555/1157 
f 961/3641 591/1256 554/1158 
f 590/1254 955/3642 948/3643 
f 948/3643 589/1255 590/1254 
f 591/1256 589/1255 554/1158 
f 976/2315 219/2314 589/2318 
f 975/2313 1002/3644 995/3645 
f 995/3645 219/2314 975/2313 
f 1008/3646 976/2315 589/2318 
f 1099/2575 1187/3647 219/2314 
f 187/3648 219/2314 1187/3647 
f 187/3648 1187/3647 1189/3649 
f 1094/2563 1146/3650 187/3648 
f 169/2568 187/3648 1146/3650 
f 169/2568 1146/3650 1148/3651 
f 908/3652 920/3653 919/3654 
f 919/3654 917/3638 908/3652 
f 952/3655 964/3656 963/3657 
f 963/3657 961/3641 952/3655 
f 555/1157 888/3658 914/3659 
f 914/3659 911/3639 555/1157 
f 590/1254 932/3660 958/3661 
f 958/3661 955/3642 590/1254 
f 999/3662 1011/3663 1010/3664 
f 1010/3664 1008/3646 999/3662 
f 1099/2575 219/2314 1177/3665 
f 1177/3665 1182/2576 1099/2575 
f 1190/3666 1192/3667 1181/3668 
f 1181/3668 1189/3649 1190/3666 
f 975/2313 979/3669 1005/3670 
f 1005/3670 1002/3644 975/2313 
f 1094/2563 187/3648 1135/3671 
f 1135/3671 1141/2564 1094/2563 
f 1010/3672 1012/3673 1009/3674 
f 1009/3674 1008/3675 1010/3672 
f 963/3676 965/3677 962/3678 
f 962/3678 961/3679 963/3676 
f 919/3680 921/3681 918/3682 
f 918/3682 917/3683 919/3680 
f 1149/3684 1151/3685 1140/3686 
f 1140/3686 1148/3651 1149/3684 
f 581/1241 908/3652 917/3638 
f 917/3638 497/1222 581/1241 
f 506/1221 906/3687 581/1241 
f 506/1221 505/3688 907/3689 
f 907/3689 906/3687 506/1221 
f 906/3687 898/3690 905/3691 
f 905/3691 581/1241 906/3687 
f 904/3640 903/3692 899/3693 
f 899/3693 902/3694 904/3640 
f 950/3695 942/3696 949/3697 
f 949/3697 617/1302 950/3695 
f 997/3698 989/3699 996/3700 
f 996/3700 977/2317 997/3698 
f 948/3643 947/3701 943/3702 
f 943/3702 946/3703 948/3643 
f 995/3645 994/3704 990/3705 
f 990/3705 993/3706 995/3645 
f 1170/3707 1176/3708 1177/3665 
f 1177/3665 1175/3709 1170/3707 
f 1178/3710 1171/3711 1103/2581 
f 1103/2581 1102/2580 1178/3710 
f 1128/3712 1134/3713 1135/3671 
f 1135/3671 1133/3714 1128/3712 
f 1136/3715 1137/3716 1129/3717 
f 1129/3717 1097/2571 1136/3715 
f 1062/2569 1136/3715 1097/2571 
f 1062/2569 169/2568 1136/3715 
f 1148/3651 1140/3686 1136/3715 
f 1136/3715 169/2568 1148/3651 
f 187/3648 209/2579 1135/3671 
f 1189/3649 1181/3668 1102/2580 
f 1102/2580 187/3648 1189/3649 
f 209/2579 187/3648 1102/2580 
f 209/2579 208/3718 1133/3714 
f 1133/3714 1135/3671 209/2579 
f 902/3694 577/3719 576/1301 
f 576/1301 904/3640 902/3694 
f 904/3640 576/1301 554/1158 
f 617/1302 952/3655 961/3641 
f 961/3641 554/1158 617/1302 
f 576/1301 951/3720 950/3695 
f 950/3695 617/1302 576/1301 
f 612/2316 998/3721 997/3698 
f 997/3698 977/2317 612/2316 
f 946/3703 613/3722 612/3723 
f 612/3723 948/3643 946/3703 
f 948/3643 612/3723 589/1255 
f 977/2317 999/3662 1008/3646 
f 1008/3646 589/2318 977/2317 
f 995/3645 241/3724 219/2314 
f 219/2314 241/3724 1177/3665 
f 241/3724 240/3725 1175/3709 
f 1175/3709 1177/3665 241/3724 
f 993/3706 819/3726 241/3724 
f 241/3724 995/3645 993/3706 
f 895/3727 907/3728 505/3729 
f 505/3729 507/3730 895/3727 
f 895/3727 507/3730 575/1198 
f 575/1198 578/1197 895/3727 
f 939/3731 951/3732 576/3733 
f 576/3733 575/3734 939/3731 
f 939/3731 575/3734 610/1291 
f 610/1291 614/1290 939/3731 
f 986/3735 998/3736 612/3737 
f 612/3737 610/3738 986/3735 
f 238/477 206/3739 1166/3740 
f 1166/3740 239/478 238/477 
f 986/3735 610/3738 238/477 
f 238/477 820/1870 986/3735 
f 206/395 337/3741 1124/3742 
f 1124/3742 207/396 206/395 
f 209/3743 1104/3744 1166/3740 
f 1166/3740 206/3739 209/3743 
f 1061/3745 1098/3746 1124/3742 
f 1124/3742 337/3741 1061/3745 
f 58/127 39/42 33/36 
f 33/36 35/38 58/127 
f 48/3747 17/19 20/22 
f 20/22 63/133 48/3747 
f 63/133 36/39 1309/3109 
f 1309/3109 1308/3108 63/133 
f 1297/3087 339/2993 1260/2977 
f 1260/2977 1259/2976 1297/3087 
f 1321/3122 339/3125 1297/3212 
f 1297/3212 1322/3123 1321/3122 
f 1248/2955 611/2861 1211/2845 
f 1211/2845 1210/2844 1248/2955 
f 1272/2990 611/2994 1248/3081 
f 1248/3081 1273/2991 1272/2990 
f 329/714 302/620 287/604 
f 287/604 286/603 329/714 
f 1223/2858 302/2862 329/2949 
f 329/2949 1224/2859 1223/2858 
f 299/617 303/621 324/708 
f 324/708 300/618 299/617 
f 279/596 312/630 311/629 
f 311/629 280/597 279/596 
f 1203/2837 1234/2871 1233/2870 
f 1233/2870 1204/2838 1203/2837 
f 1252/2969 1283/3003 1282/3002 
f 1282/3002 1253/2970 1252/2969 
f 1301/3101 1332/3134 1331/3133 
f 1331/3133 1302/3102 1301/3101 
f 45/48 46/49 13/15 
f 13/15 12/14 45/48 
f 67/3748 58/3749 49/3750 
f 49/3750 27/3751 67/3748 
f 66/138 67/3748 27/3751 
f 27/3751 28/139 66/138 
f 1316/3219 1315/3752 1299/3753 
f 1299/3753 66/138 1316/3219 
f 1267/3094 1266/3754 1250/3755 
f 1250/3755 1299/3095 1267/3094 
f 1315/3752 1335/3756 1297/3757 
f 1297/3757 1299/3753 1315/3752 
f 1218/2962 1217/3758 335/3759 
f 335/3759 1250/2963 1218/2962 
f 1266/3754 1286/3760 1248/3761 
f 1248/3761 1250/3755 1266/3754 
f 335/3762 329/3763 314/3764 
f 314/3764 294/3765 335/3762 
f 1217/3758 1237/3766 329/3767 
f 329/3767 335/3759 1217/3758 
f 335/3762 294/3765 293/718 
f 293/718 330/717 335/3762 
f 301/3768 300/3769 285/3770 
f 285/3770 292/3771 301/3768 
f 57/3772 32/3773 23/109 
f 23/109 56/108 57/3772 
f 19/3774 35/3775 34/3776 
f 34/3776 24/3777 19/3774 
f 19/3774 24/3777 23/109 
f 54/105 42/104 32/3773 
f 32/3773 57/3772 54/105 
f 31/3778 21/3779 20/3780 
f 20/3780 16/3781 31/3778 
f 32/3773 31/3778 16/3781 
f 1318/3782 1328/3188 1341/3191 
f 1341/3191 1343/3783 1318/3782 
f 1306/3784 1308/3785 1310/3786 
f 1310/3786 1319/3787 1306/3784 
f 1306/3784 1319/3787 1318/3782 
f 16/3781 19/3774 23/109 
f 23/109 32/3773 16/3781 
f 1307/3788 1306/3784 1318/3782 
f 1318/3782 1311/3192 1307/3788 
f 1318/3782 1343/3783 1342/3193 
f 1342/3193 1311/3192 1318/3782 
f 1311/3192 1314/3789 1307/3788 
f 1314/3789 1323/3790 1322/3791 
f 1322/3791 1307/3788 1314/3789 
f 1269/3792 1279/3057 1292/3060 
f 1292/3060 1294/3793 1269/3792 
f 1269/3792 1294/3793 1293/3062 
f 1293/3062 1262/3061 1269/3792 
f 1262/3061 1258/3794 1257/3795 
f 1257/3795 1269/3792 1262/3061 
f 1257/3795 1259/3796 1261/3797 
f 1261/3797 1270/3798 1257/3795 
f 1257/3795 1270/3798 1269/3792 
f 1265/3799 1274/3800 1273/3801 
f 1273/3801 1258/3794 1265/3799 
f 1262/3061 1265/3799 1258/3794 
f 1220/3802 1230/2925 1243/2928 
f 1243/2928 1245/3803 1220/3802 
f 1220/3802 1245/3803 1244/2930 
f 1244/2930 1213/2929 1220/3802 
f 1213/2929 1209/3804 1208/3805 
f 1208/3805 1220/3802 1213/2929 
f 1208/3805 1221/3806 1220/3802 
f 1213/2929 1216/3807 1209/3804 
f 1216/3807 1225/3808 1224/3809 
f 1224/3809 1209/3804 1216/3807 
f 296/3810 308/684 321/687 
f 321/687 323/3811 296/3810 
f 296/3810 323/3811 322/689 
f 322/689 289/688 296/3810 
f 289/688 292/3771 285/3770 
f 289/688 285/3770 284/3812 
f 284/3812 296/3810 289/688 
f 284/3812 297/3813 296/3810 
f 284/3812 286/3814 288/3815 
f 288/3815 297/3813 284/3812 
f 1208/3805 1210/3816 1212/3817 
f 1212/3817 1221/3806 1208/3805 
f 44/91 26/3818 46/88 
f 45/89 29/3819 41/90 
f 1329/3820 1331/3821 1332/3174 
f 1332/3174 1330/3173 1329/3820 
f 1329/3820 1317/3822 1331/3821 
f 1280/3823 1268/3824 1282/3825 
f 1280/3823 1282/3825 1283/3043 
f 1283/3043 1281/3042 1280/3823 
f 1231/3826 1219/3827 1233/3828 
f 1231/3826 1233/3828 1234/2911 
f 1234/2911 1232/2910 1231/3826 
f 309/3829 295/3830 311/3831 
f 310/669 309/3829 311/3831 
f 311/3831 312/670 310/669 
f 647/3832 656/3833 711/3834 
f 648/3835 647/3832 711/3834 
f 711/3834 9/12 648/3835 
f 9/12 711/3834 11/13 
f 9/12 645/3836 648/3835 
f 8/8 645/3837 9/9 
f 4/10 6/3838 7/7 
f 4/4 1/3839 641/3840 
f 641/3840 5/5 4/4 
f 1/3839 3/3841 641/3840 
f 621/3842 636/3843 2/2 
f 622/3844 621/3842 2/2 
f 1/1 622/3844 2/2 
f 621/3842 629/3845 636/3843 
f 1/1 681/3846 622/3844 
f 639/1363 641/3847 3/1364 
f 642/1371 7/3848 6/1372 
f 644/1407 648/3849 645/1408 

